siteID,date,dailyMean
NOGP,2018-01-01,-27.909302083333333
NOGP,2018-01-02,-13.969585416666666
NOGP,2018-01-03,-13.562972093023255
NOGP,2018-01-04,-13.5660921875
NOGP,2018-01-05,-13.472529166666666
NOGP,2018-01-06,-10.956615873015872
NOGP,2018-01-07,-0.27378402777777777
NOGP,2018-01-08,-3.4440281690140844
NOGP,2018-01-09,-0.5280402777777777
NOGP,2018-01-10,-4.512275694444445
NOGP,2018-01-11,-19.425578472222224
NOGP,2018-01-12,-25.934938541666668
NOGP,2018-01-13,-25.355450537634407
NOGP,2018-01-14,-12.137140972222221
NOGP,2018-01-15,-22.118044444444443
NOGP,2018-01-16,-23.734005555555555
NOGP,2018-01-17,-8.627388194444444
NOGP,2018-01-18,-1.8254854166666667
NOGP,2018-01-19,1.6046666666666667
NOGP,2018-01-20,1.7375979166666666
NOGP,2018-01-21,-4.980778472222222
NOGP,2018-01-22,-7.104471428571428
NOGP,2018-01-23,-1.6484045454545455
NOGP,2018-01-24,-5.165321917808219
NOGP,2018-01-25,-4.341233098591549
NOGP,2018-01-26,-0.6811201388888889
NOGP,2018-01-27,-8.190535416666666
NOGP,2018-01-28,-16.055959722222223
NOGP,2018-01-29,-14.60794148148148
NOGP,2018-01-30,-4.639967361111111
NOGP,2018-01-31,-4.920279861111111
NOGP,2018-02-01,-18.471324305555555
NOGP,2018-02-02,-14.998204166666667
NOGP,2018-02-03,-13.754070138888888
NOGP,2018-02-04,-21.35747361111111
NOGP,2018-02-05,-18.5873625
NOGP,2018-02-06,-21.34141370967742
NOGP,2018-02-07,-17.476512962962964
NOGP,2018-02-08,-16.838779674796747
NOGP,2018-02-09,-20.456251388888887
NOGP,2018-02-10,-19.712721527777777
NOGP,2018-02-11,-14.05560625
NOGP,2018-02-12,-21.7300625
NOGP,2018-02-13,-13.301289583333332
NOGP,2018-02-14,-1.8461618055555555
NOGP,2018-02-15,-6.5273763888888885
NOGP,2018-02-16,-14.478238888888889
NOGP,2018-02-17,-6.8243736111111115
NOGP,2018-02-18,-10.844201388888889
NOGP,2018-02-19,-15.813173611111111
NOGP,2018-02-20,-15.828232846715329
NOGP,2018-02-21,-17.879411805555556
NOGP,2018-02-22,-16.78367769784173
NOGP,2018-02-23,-12.572368055555556
NOGP,2018-02-24,-12.958456944444444
NOGP,2018-02-25,-6.620286805555556
NOGP,2018-02-26,-2.7620868055555556
NOGP,2018-02-27,-5.099664028776979
NOGP,2018-02-28,-5.295652083333334
NOGP,2018-03-01,-4.633052083333333
NOGP,2018-03-02,-1.7127819444444443
NOGP,2018-03-03,-1.6478493055555556
NOGP,2018-03-04,0.5172041666666667
NOGP,2018-03-05,-2.589270138888889
NOGP,2018-03-06,-6.805309027777778
NOGP,2018-03-07,-9.395009722222222
NOGP,2018-03-08,-8.89457076923077
NOGP,2018-03-09,-8.263665972222222
NOGP,2018-03-10,-4.288515384615384
NOGP,2018-03-11,-5.0804534722222225
NOGP,2018-03-12,-4.973938194444444
NOGP,2018-03-13,-4.457497222222222
NOGP,2018-03-14,-0.7457784722222222
NOGP,2018-03-15,-4.397640972222222
NOGP,2018-03-16,-4.624011805555556
NOGP,2018-03-17,-3.1770479166666665
NOGP,2018-03-18,-2.5410535433070867
NOGP,2018-03-19,-1.2871916666666667
NOGP,2018-03-20,-2.2265536764705884
NOGP,2018-03-21,0.18846736111111112
NOGP,2018-03-22,-1.3394590361445784
NOGP,2018-03-23,-0.2773125
NOGP,2018-03-24,-0.8645936363636364
NOGP,2018-03-25,0.08478194444444445
NOGP,2018-03-26,-0.3576402985074627
NOGP,2018-03-27,2.244470833333333
NOGP,2018-03-28,1.5309736111111112
NOGP,2018-03-29,-2.9078118055555557
NOGP,2018-03-30,-5.895730555555556
NOGP,2018-03-31,-11.642002777777778
NOGP,2018-04-01,-10.977490972222222
NOGP,2018-04-02,-7.05989375
NOGP,2018-04-03,-9.844372916666666
NOGP,2018-04-04,-7.304711805555556
NOGP,2018-04-05,-4.316100694444445
NOGP,2018-04-06,-11.133294444444445
NOGP,2018-04-07,-9.388502083333334
NOGP,2018-04-08,-6.9950576388888885
NOGP,2018-04-09,-5.078281944444444
NOGP,2018-04-10,2.2271868055555557
NOGP,2018-04-11,1.3967722222222223
NOGP,2018-04-12,1.7454902777777779
NOGP,2018-04-13,-2.6157979166666667
NOGP,2018-04-14,-3.354796527777778
NOGP,2018-04-15,-2.7734152777777776
NOGP,2018-04-16,-1.291202777777778
NOGP,2018-04-17,2.2464145833333333
NOGP,2018-04-18,3.220939436619718
NOGP,2018-04-19,4.29139696969697
NOGP,2018-04-20,6.729778472222222
NOGP,2018-04-21,8.763231944444444
NOGP,2018-04-22,9.82962986111111
NOGP,2018-04-23,11.637897222222222
NOGP,2018-04-24,7.886735416666666
NOGP,2018-04-25,9.306015277777778
NOGP,2018-04-26,11.666777777777778
NOGP,2018-04-27,11.027279166666666
NOGP,2018-04-28,7.7915680555555555
NOGP,2018-04-29,15.319705555555556
NOGP,2018-04-30,13.61452986111111
NOGP,2018-05-01,5.103929861111111
NOGP,2018-05-02,10.197047222222222
NOGP,2018-05-03,12.853331944444445
NOGP,2018-05-04,15.725501388888889
NOGP,2018-05-05,18.373157638888888
NOGP,2018-05-06,17.281302083333333
NOGP,2018-05-07,18.892894444444444
NOGP,2018-05-08,14.672930555555556
NOGP,2018-05-09,14.889548611111111
NOGP,2018-05-10,6.955526056338028
NOGP,2018-05-11,7.0762020833333334
NOGP,2018-05-12,8.874188888888888
NOGP,2018-05-13,13.613463888888889
NOGP,2018-05-14,17.157229166666667
NOGP,2018-05-15,17.07627013888889
NOGP,2018-05-16,20.441973571428573
NOGP,2018-05-17,16.493571527777778
NOGP,2018-05-18,10.813918055555556
NOGP,2018-05-19,10.509571527777778
NOGP,2018-05-20,12.25991111111111
NOGP,2018-05-21,14.186689583333333
NOGP,2018-05-22,18.059861805555556
NOGP,2018-05-23,19.79825486111111
NOGP,2018-05-24,22.256025694444446
NOGP,2018-05-25,22.56150138888889
NOGP,2018-05-26,23.265666666666668
NOGP,2018-05-27,22.334040277777778
NOGP,2018-05-28,20.57127152777778
NOGP,2018-05-29,20.828289285714284
NOGP,2018-05-30,19.26062361111111
NOGP,2018-05-31,18.97777222222222
NOGP,2018-06-01,20.56556527777778
NOGP,2018-06-02,15.140540972222222
NOGP,2018-06-03,16.145002083333335
NOGP,2018-06-04,20.412158333333334
NOGP,2018-06-05,22.193316666666668
NOGP,2018-06-06,19.554053472222222
NOGP,2018-06-07,17.473165972222223
NOGP,2018-06-08,21.911672222222222
NOGP,2018-06-09,24.546690972222223
NOGP,2018-06-10,24.290619444444445
NOGP,2018-06-11,18.708519444444445
NOGP,2018-06-12,16.110291549295773
NOGP,2018-06-13,16.664889583333334
NOGP,2018-06-14,19.61163402777778
NOGP,2018-06-15,22.24191736111111
NOGP,2018-06-16,16.772758333333332
NOGP,2018-06-17,16.313045833333334
NOGP,2018-06-18,16.936202083333335
NOGP,2018-06-19,18.167695138888888
NOGP,2018-06-20,19.60968125
NOGP,2018-06-21,20.493883333333333
NOGP,2018-06-22,20.602385
NOGP,2018-06-23,18.92811111111111
NOGP,2018-06-24,18.946197916666666
NOGP,2018-06-25,20.20561142857143
NOGP,2018-06-26,21.436821527777777
NOGP,2018-06-27,23.30265486111111
NOGP,2018-06-28,22.74056875
NOGP,2018-06-29,21.759082638888888
NOGP,2018-06-30,18.999038194444445
NOGP,2018-07-01,19.052872916666665
NOGP,2018-07-02,19.67605208333333
NOGP,2018-07-03,21.22136971830986
NOGP,2018-07-04,20.594894444444446
NOGP,2018-07-05,18.650505555555554
NOGP,2018-07-06,22.478445833333332
NOGP,2018-07-07,26.71022152777778
NOGP,2018-07-08,25.739922222222223
NOGP,2018-07-09,21.33955138888889
NOGP,2018-07-10,24.206949242424244
NOGP,2018-07-11,26.221177083333334
NOGP,2018-07-12,22.15087021276596
NOGP,2018-07-13,23.543911805555556
NOGP,2018-07-14,25.478100694444443
NOGP,2018-07-15,20.24780486111111
NOGP,2018-07-16,19.96840625
NOGP,2018-07-17,21.2423
NOGP,2018-07-18,21.468171527777777
NOGP,2018-07-19,21.856036805555554
NOGP,2018-07-20,20.224479166666665
NOGP,2018-07-21,19.23237361111111
NOGP,2018-07-22,21.81735
NOGP,2018-07-23,18.807281159420288
NOGP,2018-07-24,20.700692361111113
NOGP,2018-07-25,19.732893055555557
NOGP,2018-07-26,15.272425694444445
NOGP,2018-07-27,16.229214583333334
NOGP,2018-07-28,18.04754652777778
NOGP,2018-07-29,18.5416
NOGP,2018-07-30,18.66974652777778
NOGP,2018-07-31,22.523874305555555
NOGP,2018-08-01,17.991620138888887
NOGP,2018-08-02,18.220010416666668
NOGP,2018-08-03,25.76952361111111
NOGP,2018-08-04,23.77335763888889
NOGP,2018-08-05,20.49637152777778
NOGP,2018-08-06,20.807215972222224
NOGP,2018-08-07,21.744858333333333
NOGP,2018-08-08,23.983594366197185
NOGP,2018-08-09,23.045324475524474
NOGP,2018-08-10,24.246672916666668
NOGP,2018-08-11,24.903178472222223
NOGP,2018-08-12,28.376525694444446
NOGP,2018-08-13,24.467572222222223
NOGP,2018-08-14,16.368222222222222
NOGP,2018-08-15,17.259862015503877
NOGP,2018-08-16,21.588093055555557
NOGP,2018-08-17,20.931538194444446
NOGP,2018-08-18,23.13039722222222
NOGP,2018-08-19,19.45923888888889
NOGP,2018-08-20,15.006988194444444
NOGP,2018-08-21,17.43696388888889
NOGP,2018-08-22,18.070627083333335
NOGP,2018-08-23,18.970325694444444
NOGP,2018-08-24,20.460291666666667
NOGP,2018-08-25,18.63088402777778
NOGP,2018-08-26,17.651206944444443
NOGP,2018-08-27,12.621331944444444
NOGP,2018-08-28,11.73261007751938
NOGP,2018-08-29,11.542856481481481
NOGP,2018-08-30,19.999476923076923
NOGP,2018-08-31,18.86470344827586
NOGP,2018-09-01,17.16917028985507
NOGP,2018-09-02,16.016469444444443
NOGP,2018-09-03,16.655225694444443
NOGP,2018-09-04,18.213275
NOGP,2018-09-05,13.783117391304348
NOGP,2018-09-06,16.697578472222222
NOGP,2018-09-07,19.977538194444445
NOGP,2018-09-08,20.501950694444446
NOGP,2018-09-09,19.635159027777778
NOGP,2018-09-10,18.49051408450704
NOGP,2018-09-11,20.336497916666666
NOGP,2018-09-12,14.39344513888889
NOGP,2018-09-13,15.604861805555556
NOGP,2018-09-14,14.044272222222222
NOGP,2018-09-15,15.508386805555556
NOGP,2018-09-16,19.60905347222222
NOGP,2018-09-17,11.56496338028169
NOGP,2018-09-18,10.714756944444444
NOGP,2018-09-19,11.226886805555555
NOGP,2018-09-20,9.452486111111112
NOGP,2018-09-21,7.037618055555556
NOGP,2018-09-22,10.8681
NOGP,2018-09-23,7.10365625
NOGP,2018-09-24,8.2426625
NOGP,2018-09-25,8.249677083333333
NOGP,2018-09-26,8.724861805555555
NOGP,2018-09-27,9.677111805555555
NOGP,2018-09-28,3.4779465277777777
NOGP,2018-09-29,3.6698298611111113
NOGP,2018-09-30,3.6958659722222222
NOGP,2018-10-01,4.419416666666667
NOGP,2018-10-02,7.990449305555556
NOGP,2018-10-03,7.521054128440367
NOGP,2018-10-04,-0.8830314285714286
NOGP,2018-10-05,0.8383851063829787
NOGP,2018-10-06,1.4726513888888888
NOGP,2018-10-07,0.9947534722222222
NOGP,2018-10-08,1.8518506944444444
NOGP,2018-10-09,2.2703458333333333
NOGP,2018-10-10,0.6256305555555556
NOGP,2018-10-11,0.01804444444444444
NOGP,2018-10-12,2.693603472222222
NOGP,2018-10-13,5.144327083333334
NOGP,2018-10-14,-1.456295138888889
NOGP,2018-10-15,-0.6610194444444445
NOGP,2018-10-16,8.320278472222222
NOGP,2018-10-17,6.810350694444445
NOGP,2018-10-18,10.646690972222222
NOGP,2018-10-19,10.459444444444445
NOGP,2018-10-20,2.8880729166666668
NOGP,2018-10-21,5.853533333333333
NOGP,2018-10-22,5.739327083333333
NOGP,2018-10-23,2.446842361111111
NOGP,2018-10-24,9.493529166666667
NOGP,2018-10-25,10.2794625
NOGP,2018-10-26,8.90499236111111
NOGP,2018-10-27,7.542302777777778
NOGP,2018-10-28,6.563491666666667
NOGP,2018-10-29,7.682245833333333
NOGP,2018-10-30,5.553736111111111
NOGP,2018-10-31,3.8228208333333336
NOGP,2018-11-01,1.7678138888888888
NOGP,2018-11-02,3.5350069444444445
NOGP,2018-11-03,1.9024528925619835
NOGP,2018-11-04,1.3447708333333332
NOGP,2018-11-05,1.5880777777777777
NOGP,2018-11-06,-4.315911888111888
NOGP,2018-11-07,-8.84100138888889
NOGP,2018-11-08,-9.030125
NOGP,2018-11-09,-12.351345138888888
NOGP,2018-11-10,-7.667706944444444
NOGP,2018-11-11,-6.8448520833333335
NOGP,2018-11-12,-10.199314685314686
NOGP,2018-11-13,-7.942158653846154
NOGP,2018-11-14,1.8893345070422536
NOGP,2018-11-15,4.495313888888889
NOGP,2018-11-16,-2.534271527777778
NOGP,2018-11-17,-13.194073611111111
NOGP,2018-11-18,-8.479676388888889
NOGP,2018-11-19,-9.523953472222223
NOGP,2018-11-20,-3.3997618055555554
NOGP,2018-11-21,-1.7978
NOGP,2018-11-23,3.583260273972603
NOGP,2018-11-24,-1.6752583333333333
NOGP,2018-11-25,-4.538388888888889
NOGP,2018-11-26,-9.86699375
NOGP,2018-11-27,-8.7065
NOGP,2018-11-28,-2.0685678321678322
NOGP,2018-11-29,0.23441458333333334
NOGP,2018-11-30,-3.1851746268656718
NOGP,2018-12-01,-1.376282962962963
NOGP,2018-12-02,-5.921670588235294
NOGP,2018-12-03,-4.174994444444445
NOGP,2018-12-04,-2.057931654676259
NOGP,2018-12-05,-7.636965972222222
NOGP,2018-12-06,-8.304352777777778
NOGP,2018-12-07,-9.686253472222223
NOGP,2018-12-08,-8.18020763888889
NOGP,2018-12-09,-7.70639375
NOGP,2018-12-10,-3.934584722222222
NOGP,2018-12-11,-0.9935993055555555
NOGP,2018-12-12,-2.9032618055555557
NOGP,2018-12-13,1.7368569444444444
NOGP,2018-12-14,2.2499083333333334
NOGP,2018-12-15,1.6295916666666668
NOGP,2018-12-16,0.6536569444444444
NOGP,2018-12-17,-3.2171680555555557
NOGP,2018-12-18,0.7518750000000001
NOGP,2018-12-19,3.842367361111111
NOGP,2018-12-20,0.8471527777777778
NOGP,2018-12-21,-2.0087402777777776
NOGP,2018-12-22,-1.5935465277777778
NOGP,2018-12-23,-4.535175694444445
NOGP,2018-12-24,-6.430955555555555
NOGP,2018-12-25,-8.545529166666666
NOGP,2018-12-26,-10.164971527777778
NOGP,2018-12-27,-12.251872916666667
NOGP,2018-12-28,-15.998073611111112
NOGP,2018-12-29,-14.852895327102804
NOGP,2018-12-30,-1.0347729166666666
NOGP,2018-12-31,-16.92702638888889
NOGP,2019-01-01,-20.576777083333333
NOGP,2019-01-02,-5.621693055555555
NOGP,2019-01-03,1.9484555555555556
NOGP,2019-01-04,3.71354375
NOGP,2019-01-05,1.2897569444444446
NOGP,2019-01-06,-2.658484126984127
NOGP,2019-01-07,0.36560486111111107
NOGP,2019-01-08,-4.283256944444444
NOGP,2019-01-09,-12.976915972222223
NOGP,2019-01-10,-9.971786805555556
NOGP,2019-01-11,-8.709890972222222
NOGP,2019-01-12,-11.170048214285714
NOGP,2019-01-13,-4.118380952380952
NOGP,2019-01-14,-6.529477083333333
NOGP,2019-01-15,-6.4969315384615385
NOGP,2019-01-16,-13.39490625
NOGP,2019-01-17,-9.79645945945946
NOGP,2019-01-18,-15.121159027777777
NOGP,2019-01-19,-17.844379166666666
NOGP,2019-01-20,-16.112316666666665
NOGP,2019-01-21,-13.828016083916085
NOGP,2019-01-22,-10.74072013888889
NOGP,2019-01-23,-6.509236111111111
NOGP,2019-01-24,-18.019768702290076
NOGP,2019-01-25,-18.506047916666667
NOGP,2019-01-26,-12.56780625
NOGP,2019-01-27,-10.556633333333334
NOGP,2019-01-28,-11.2083
NOGP,2019-01-29,-22.95308
NOGP,2019-01-30,-29.34308
NOGP,2019-01-31,-20.193306569343065
NOGP,2019-02-01,-7.492399305555556
NOGP,2019-02-02,-7.947140972222222
NOGP,2019-02-03,-15.384319444444445
NOGP,2019-02-04,-22.339613194444446
NOGP,2019-02-05,-22.522438194444444
NOGP,2019-02-06,-20.618214583333334
NOGP,2019-02-07,-23.150798412698414
NOGP,2019-02-08,-27.715644444444443
NOGP,2019-02-09,-22.0380875
NOGP,2019-02-10,-20.92407890625
NOGP,2019-02-11,-18.849802127659576
NOGP,2019-02-12,-19.54449696969697
NOGP,2019-02-13,-20.597502777777777
NOGP,2019-02-14,-18.64108402777778
NOGP,2019-02-15,-24.25683870967742
NOGP,2019-02-16,-15.361535416666667
NOGP,2019-02-17,-13.832230555555556
NOGP,2019-02-18,-18.18784677419355
NOGP,2019-02-19,-19.78075909090909
NOGP,2019-02-20,-12.76705
NOGP,2019-02-21,-13.842303472222222
NOGP,2019-02-22,-16.5386125
NOGP,2019-02-23,-11.680944776119404
NOGP,2019-02-24,-18.076748387096774
NOGP,2019-02-25,-22.475092783505154
NOGP,2019-02-26,-19.4466125
NOGP,2019-02-27,-18.01415930232558
NOGP,2019-02-28,-12.934151612903225
NOGP,2019-03-01,-11.097544791666667
NOGP,2019-03-02,-18.9988
NOGP,2019-03-03,-24.1555875
NOGP,2019-03-04,-17.529964150943396
NOGP,2019-03-05,-12.800203260869566
NOGP,2019-03-06,-14.006442708333333
NOGP,2019-03-07,-14.408676086956522
NOGP,2019-03-08,-9.483946666666666
NOGP,2019-03-09,-6.442645833333334
NOGP,2019-03-10,-9.754253125
NOGP,2019-03-11,-7.702436111111111
NOGP,2019-03-12,-5.3836
NOGP,2019-03-13,-3.757258333333333
NOGP,2019-03-14,-1.318959756097561
NOGP,2019-03-15,-3.804411650485437
NOGP,2019-03-16,-3.4624006944444443
NOGP,2019-03-17,-4.065044444444444
NOGP,2019-03-18,-4.74278951048951
NOGP,2019-03-19,-1.0663864285714286
NOGP,2019-03-20,1.5185916666666668
NOGP,2019-03-21,1.5224305555555555
NOGP,2019-03-22,-0.13127304347826088
NOGP,2019-03-23,0.4361625
NOGP,2019-03-24,0.2659375
NOGP,2019-03-25,-3.1847451388888888
NOGP,2019-03-26,0.7181131944444444
NOGP,2019-03-27,4.934179047619048
NOGP,2019-03-28,2.5361625
NOGP,2019-03-29,1.1642208333333333
NOGP,2019-03-30,-1.5429576388888888
NOGP,2019-03-31,1.7549118055555555
NOGP,2019-04-01,1.6035
NOGP,2019-04-02,3.062651048951049
NOGP,2019-04-03,0.6012076388888888
NOGP,2019-04-04,3.5425305555555555
NOGP,2019-04-05,6.748140972222222
NOGP,2019-04-06,4.485025
NOGP,2019-04-07,11.21513888888889
NOGP,2019-04-08,12.920408333333333
NOGP,2019-04-09,4.727113194444445
NOGP,2019-04-10,-2.364752777777778
NOGP,2019-04-11,-2.0026361111111113
NOGP,2019-04-12,-1.5209340277777779
NOGP,2019-04-13,2.087161111111111
NOGP,2019-04-14,2.643784722222222
NOGP,2019-04-15,5.987079166666667
NOGP,2019-04-16,8.32932986111111
NOGP,2019-04-17,6.481874305555555
NOGP,2019-04-18,5.2468385826771655
NOGP,2019-04-19,11.275514583333333
NOGP,2019-04-20,17.01197638888889
NOGP,2019-04-21,11.057491608391608
NOGP,2019-04-22,11.120619444444445
NOGP,2019-04-23,12.673170138888889
NOGP,2019-04-24,15.254329861111112
NOGP,2019-04-25,10.188752083333334
NOGP,2019-04-26,6.391515972222222
NOGP,2019-04-27,6.08536875
NOGP,2019-04-28,2.4071944444444444
NOGP,2019-04-29,1.5706534722222223
NOGP,2019-04-30,1.831167361111111
NOGP,2019-05-01,2.650170833333333
NOGP,2019-05-02,5.031172916666667
NOGP,2019-05-03,10.163618055555556
NOGP,2019-05-04,7.92298125
NOGP,2019-05-05,4.98735
NOGP,2019-05-06,3.5088631944444444
NOGP,2019-05-07,5.1559486111111115
NOGP,2019-05-08,6.2489895833333335
NOGP,2019-05-09,5.215227777777778
NOGP,2019-05-10,8.2270125
NOGP,2019-05-11,9.144849305555555
NOGP,2019-05-12,11.134575
NOGP,2019-05-13,15.006965972222222
NOGP,2019-05-14,16.717186805555556
NOGP,2019-05-15,17.631747916666665
NOGP,2019-05-16,13.177377777777778
NOGP,2019-05-17,7.887696527777778
NOGP,2019-05-18,4.669290277777778
NOGP,2019-05-19,5.55331875
NOGP,2019-05-20,8.938436805555556
NOGP,2019-05-21,9.518002777777777
NOGP,2019-05-22,8.730796527777779
NOGP,2019-05-23,9.061346153846154
NOGP,2019-05-24,10.275539583333334
NOGP,2019-05-25,11.7791
NOGP,2019-05-26,12.118377083333334
NOGP,2019-05-27,10.37898125
NOGP,2019-05-28,12.79740625
NOGP,2019-05-29,19.796921212121212
NOGP,2019-05-30,20.884193055555556
NOGP,2019-05-31,18.428675694444443
NOGP,2019-06-01,13.16862986111111
NOGP,2019-06-02,15.854659722222221
NOGP,2019-06-03,20.935690277777777
NOGP,2019-06-04,21.933635416666668
NOGP,2019-06-05,19.94468472222222
NOGP,2019-06-06,20.795358333333333
NOGP,2019-06-07,24.538720138888888
NOGP,2019-06-08,15.536797222222223
NOGP,2019-06-09,12.690088194444444
NOGP,2019-06-10,14.74474375
NOGP,2019-06-11,16.162730555555555
NOGP,2019-06-12,14.82204861111111
NOGP,2019-06-13,17.99402978723404
NOGP,2019-06-14,20.78312777777778
NOGP,2019-06-15,18.73535138888889
NOGP,2019-06-16,14.448199305555555
NOGP,2019-06-17,13.145775694444444
NOGP,2019-06-18,14.7669875
NOGP,2019-06-19,14.652073611111112
NOGP,2019-06-20,15.727993055555556
NOGP,2019-06-21,15.47
NOGP,2019-06-22,14.597778472222222
NOGP,2019-06-23,16.780390277777776
NOGP,2019-06-24,18.09176875
NOGP,2019-06-25,17.050865972222223
NOGP,2019-06-26,19.70578611111111
NOGP,2019-06-27,21.29866791044776
NOGP,2019-06-28,21.39961041666667
NOGP,2019-06-29,23.874252777777777
NOGP,2019-06-30,22.123977777777778
NOGP,2019-07-01,20.794883687943262
NOGP,2019-07-02,21.62705763888889
NOGP,2019-07-03,19.572052777777778
NOGP,2019-07-04,16.85847083333333
NOGP,2019-07-05,18.482825694444443
NOGP,2019-07-06,18.479469444444444
NOGP,2019-07-07,21.087119444444443
NOGP,2019-07-08,22.975206293706293
NOGP,2019-07-09,19.488720833333332
NOGP,2019-07-10,19.387347916666666
NOGP,2019-07-11,21.39683402777778
NOGP,2019-07-12,23.542481944444443
NOGP,2019-07-13,23.371722916666666
NOGP,2019-07-14,24.95711875
NOGP,2019-07-15,24.51405
NOGP,2019-07-16,21.094159722222223
NOGP,2019-07-17,21.60435763888889
NOGP,2019-07-18,20.905967361111113
NOGP,2019-07-19,22.01086388888889
NOGP,2019-07-20,20.444955555555556
NOGP,2019-07-21,17.27057152777778
NOGP,2019-07-22,17.636529166666666
NOGP,2019-07-23,19.922586111111112
NOGP,2019-07-24,20.717584722222224
NOGP,2019-07-25,23.03710277777778
NOGP,2019-07-26,20.94800625
NOGP,2019-07-27,20.88528611111111
NOGP,2019-07-28,23.235220138888888
NOGP,2019-07-29,17.98588611111111
NOGP,2019-07-30,17.394884722222223
NOGP,2019-07-31,20.60365633802817
NOGP,2019-08-01,21.702489583333332
NOGP,2019-08-02,22.149843055555557
NOGP,2019-08-03,21.49212361111111
NOGP,2019-08-04,21.85388888888889
NOGP,2019-08-05,21.810434285714287
NOGP,2019-08-06,20.498833333333334
NOGP,2019-08-07,18.27889375
NOGP,2019-08-08,16.50484861111111
NOGP,2019-08-09,18.09865347222222
NOGP,2019-08-10,19.014714583333333
NOGP,2019-08-11,19.914269444444443
NOGP,2019-08-12,19.091790070921984
NOGP,2019-08-13,16.12768125
NOGP,2019-08-14,15.883765972222223
NOGP,2019-08-15,16.706910563380283
NOGP,2019-08-16,19.155651388888888
NOGP,2019-08-17,16.993334027777777
NOGP,2019-08-18,13.807977777777777
NOGP,2019-08-19,18.93478923076923
NOGP,2019-08-20,20.756168309859156
NOGP,2019-08-21,16.425041509433964
NOGP,2019-08-22,17.189055208333333
NOGP,2019-08-23,19.750609375
NOGP,2019-08-24,21.303163541666667
NOGP,2019-08-25,21.437323958333334
NOGP,2019-08-26,17.790833684210526
NOGP,2019-08-27,13.941039583333334
NOGP,2019-08-28,15.695540625
NOGP,2019-08-29,16.64556875
NOGP,2019-08-30,13.449005208333334
NOGP,2019-08-31,14.3954625
NOGP,2019-09-01,17.579141666666665
NOGP,2019-09-02,17.115520833333335
NOGP,2019-09-03,15.866367708333334
NOGP,2019-09-04,15.029683333333333
NOGP,2019-09-05,20.609404166666668
NOGP,2019-09-06,17.63325
NOGP,2019-09-07,13.490694791666666
NOGP,2019-09-08,10.263067708333333
NOGP,2019-09-09,13.02076875
NOGP,2019-09-10,14.948611458333334
NOGP,2019-09-11,14.542473958333334
NOGP,2019-09-12,11.673988541666667
NOGP,2019-09-13,11.199689583333333
NOGP,2019-09-14,17.075967708333334
NOGP,2019-09-15,18.70111875
NOGP,2019-09-16,21.344490625
NOGP,2019-09-17,22.032965625
NOGP,2019-09-18,19.583957291666668
NOGP,2019-09-19,16.76181875
NOGP,2019-09-20,21.676235416666668
NOGP,2019-09-21,16.642782291666666
NOGP,2019-09-22,12.78961875
NOGP,2019-09-23,14.835335416666666
NOGP,2019-09-24,15.995977083333333
NOGP,2019-09-25,11.553735416666667
NOGP,2019-09-26,9.805255208333334
NOGP,2019-09-27,9.908448958333333
NOGP,2019-09-28,6.828516666666666
NOGP,2019-09-29,7.555523958333334
NOGP,2019-09-30,8.052515625
NOGP,2019-10-01,5.2760010416666665
NOGP,2019-10-02,3.60061914893617
NOGP,2019-10-03,2.349123958333333
NOGP,2019-10-04,5.565763541666667
NOGP,2019-10-05,8.751684375
NOGP,2019-10-06,10.065963541666667
NOGP,2019-10-07,10.085257291666666
NOGP,2019-10-08,12.871640625
NOGP,2019-10-09,6.253051063829787
NOGP,2019-10-10,-1.094703125
NOGP,2019-10-11,-2.19218
NOGP,2019-10-12,-1.0144086956521738
NOGP,2019-10-13,0.2918145833333333
NOGP,2019-10-14,0.14688854166666668
NOGP,2019-10-15,3.1353855263157895
NOGP,2019-10-16,2.7105364583333333
NOGP,2019-10-17,6.369822916666666
NOGP,2019-10-18,9.819561458333334
NOGP,2019-10-19,7.549547916666667
NOGP,2019-10-20,2.3260020833333335
NOGP,2019-10-21,5.031192708333333
NOGP,2019-10-22,2.0790739583333333
NOGP,2019-10-23,0.7571555555555556
NOGP,2019-10-24,0.48919375000000004
NOGP,2019-10-25,4.417554166666666
NOGP,2019-10-26,6.468492708333334
NOGP,2019-10-27,-1.71048125
NOGP,2019-10-28,-4.870138541666667
NOGP,2019-10-29,-6.6994114583333335
NOGP,2019-10-30,-5.740185416666667
NOGP,2019-10-31,-4.086044791666667
NOGP,2019-11-01,2.21134375
NOGP,2019-11-02,0.934571875
NOGP,2019-11-03,1.0468927083333333
NOGP,2019-11-04,-1.8936510416666668
NOGP,2019-11-05,-7.786067708333333
NOGP,2019-11-06,-6.49178125
NOGP,2019-11-07,-11.019295833333333
NOGP,2019-11-08,-2.4759260416666664
NOGP,2019-11-09,3.839196875
NOGP,2019-11-10,-7.101552083333333
NOGP,2019-11-11,-15.498225
NOGP,2019-11-12,-14.045794791666667
NOGP,2019-11-13,-2.582333333333333
NOGP,2019-11-14,-1.7384
NOGP,2019-11-15,-0.6682114583333333
NOGP,2019-11-16,1.8849708333333333
NOGP,2019-11-17,3.949859375
NOGP,2019-11-18,6.693609375
NOGP,2019-11-19,2.78644375
NOGP,2019-11-20,0.011107291666666666
NOGP,2019-11-21,-4.579388541666667
NOGP,2019-11-22,-3.059364583333333
NOGP,2019-11-23,2.6633177083333335
NOGP,2019-11-24,6.993526041666667
NOGP,2019-11-25,2.5868028846153845
NOGP,2019-11-26,-0.9554201388888889
NOGP,2019-11-27,-5.218272916666667
NOGP,2019-11-28,-5.7636513888888885
NOGP,2019-11-29,-3.2531340277777776
NOGP,2019-11-30,-2.959421527777778
NOGP,2019-12-01,-5.36480780141844
NOGP,2019-12-02,-2.085925
NOGP,2019-12-03,0.3158875
NOGP,2019-12-04,-0.4468229166666667
NOGP,2019-12-05,-1.2048645833333333
NOGP,2019-12-06,-5.138009722222222
NOGP,2019-12-07,-1.098544
NOGP,2019-12-08,-5.159425
NOGP,2019-12-09,-16.171593055555554
NOGP,2019-12-10,-18.635774647887324
NOGP,2019-12-11,-19.04731111111111
NOGP,2019-12-12,-13.464154166666667
NOGP,2019-12-13,-8.409603472222223
NOGP,2019-12-14,-17.744228472222222
NOGP,2019-12-15,-10.963954166666667
NOGP,2019-12-16,-7.819455555555556
NOGP,2019-12-17,-8.411754166666666
NOGP,2019-12-18,-6.902486805555555
NOGP,2019-12-19,-6.22302619047619
NOGP,2019-12-20,-10.106203278688525
NOGP,2019-12-21,0.03705000000000001
NOGP,2019-12-22,0.4724888888888889
NOGP,2019-12-23,-4.299921527777777
NOGP,2019-12-24,-4.206171014492754
NOGP,2019-12-26,-5.4854
NOGP,2019-12-27,-9.025703636363636
NOGP,2019-12-28,-7.50994537037037
NOGP,2019-12-29,-7.539533333333333
NOGP,2019-12-30,-6.527095652173913
NOGP,2019-12-31,-9.218144444444444
SERC,2018-01-01,-9.491890625
SERC,2018-01-02,-8.854691145833334
SERC,2018-01-03,-7.1865499999999995
SERC,2018-01-04,-4.2687614583333335
SERC,2018-01-05,-9.595847395833333
SERC,2018-01-06,-10.9832796875
SERC,2018-01-07,-11.43441875
SERC,2018-01-08,-5.090682291666667
SERC,2018-01-09,3.725025
SERC,2018-01-10,1.2057140625
SERC,2018-01-11,5.674626086956522
SERC,2018-01-12,11.353613020833333
SERC,2018-01-13,5.413067708333333
SERC,2018-01-14,-6.077724479166666
SERC,2018-01-15,-6.131144791666666
SERC,2018-01-16,-1.3361097297297297
SERC,2018-01-17,-2.0160338541666665
SERC,2018-01-18,-3.351996875
SERC,2018-01-19,1.4735536458333334
SERC,2018-01-20,5.177307291666667
SERC,2018-01-21,6.533278645833334
SERC,2018-01-22,9.5744015625
SERC,2018-01-23,9.842530208333333
SERC,2018-01-24,6.663608854166666
SERC,2018-01-25,1.1909776041666666
SERC,2018-01-26,-0.5921401041666666
SERC,2018-01-27,6.977711979166667
SERC,2018-01-28,10.7589984375
SERC,2018-01-29,6.878171354166667
SERC,2018-01-30,1.7109786458333334
SERC,2018-01-31,-4.1114921875
SERC,2018-02-01,5.667193717277487
SERC,2018-02-02,1.5943963541666666
SERC,2018-02-03,-5.334372916666666
SERC,2018-02-04,-0.210875
SERC,2018-02-05,0.2881755208333333
SERC,2018-02-06,-0.44479739583333333
SERC,2018-02-07,0.14288125
SERC,2018-02-08,-0.16512239583333332
SERC,2018-02-09,-0.5326098958333333
SERC,2018-02-10,4.300352083333333
SERC,2018-02-11,13.255771578947368
SERC,2018-02-12,11.759488541666666
SERC,2018-02-13,1.6114067708333333
SERC,2018-02-14,3.17190625
SERC,2018-02-15,11.692850520833334
SERC,2018-02-16,16.747243229166667
SERC,2018-02-17,2.7167244791666665
SERC,2018-02-18,3.115424210526316
SERC,2018-02-19,4.429877083333333
SERC,2018-02-20,14.410414583333333
SERC,2018-02-21,17.770765240641712
SERC,2018-02-22,13.314658333333334
SERC,2018-02-23,5.0321114583333335
SERC,2018-02-24,7.7090604166666665
SERC,2018-02-25,8.612096875
SERC,2018-02-26,9.104897395833333
SERC,2018-02-27,7.289284134615385
SERC,2018-02-28,10.021463333333333
SERC,2018-03-01,10.37693076923077
SERC,2018-03-02,6.664720454545455
SERC,2018-03-03,6.276125
SERC,2018-03-04,5.620401694915254
SERC,2018-03-05,3.4965754166666665
SERC,2018-03-06,1.8028179916317992
SERC,2018-03-07,2.6076485714285713
SERC,2018-03-08,3.2451108808290154
SERC,2018-03-09,2.32864625
SERC,2018-03-10,2.949632916666667
SERC,2018-03-11,2.535980416666667
SERC,2018-03-12,2.0705275
SERC,2018-03-13,2.7035658333333332
SERC,2018-03-14,1.82004375
SERC,2018-03-15,4.2208516666666664
SERC,2018-03-16,2.9172766666666665
SERC,2018-03-17,1.980235
SERC,2018-03-18,4.7124425
SERC,2018-03-19,5.782302916666667
SERC,2018-03-20,2.8546062500000002
SERC,2018-03-21,-0.1738811224489796
SERC,2018-03-22,2.952813679245283
SERC,2018-03-23,4.325397083333334
SERC,2018-03-24,4.166023333333333
SERC,2018-03-25,3.2334941666666666
SERC,2018-03-26,3.311267659574468
SERC,2018-03-27,2.7126741666666665
SERC,2018-03-28,6.820492105263158
SERC,2018-03-29,12.19853962264151
SERC,2018-03-30,17.9107025
SERC,2018-03-31,7.842095416666667
SERC,2018-04-01,12.295167083333334
SERC,2018-04-02,7.677676666666667
SERC,2018-04-03,6.837865416666666
SERC,2018-04-04,13.461764317180617
SERC,2018-04-05,5.912503896103896
SERC,2018-04-06,11.027155416666666
SERC,2018-04-07,10.275600416666666
SERC,2018-04-08,4.482283333333333
SERC,2018-04-09,3.9677142259414224
SERC,2018-04-10,6.670901785714285
SERC,2018-04-11,6.500576470588236
SERC,2018-04-12,13.447259166666667
SERC,2018-04-13,21.948700416666668
SERC,2018-04-14,24.091868333333334
SERC,2018-04-15,12.817502941176471
SERC,2018-04-16,12.057979910714286
SERC,2018-04-17,6.76055
SERC,2018-04-18,7.128462083333333
SERC,2018-04-19,10.303716666666666
SERC,2018-04-20,7.655689583333333
SERC,2018-04-21,8.8472475
SERC,2018-04-22,11.426597083333334
SERC,2018-04-23,13.56525625
SERC,2018-04-24,13.52148875
SERC,2018-04-25,14.504346788990826
SERC,2018-04-26,15.131425974025975
SERC,2018-04-27,13.416231441048035
SERC,2018-04-28,15.110604954954955
SERC,2018-04-29,11.232804583333333
SERC,2018-04-30,11.595719583333333
SERC,2018-05-01,17.50284041666667
SERC,2018-05-02,20.447667083333332
SERC,2018-05-03,23.910472765957447
SERC,2018-05-04,25.282704583333334
SERC,2018-05-05,21.106472384937238
SERC,2018-05-06,17.16854916666667
SERC,2018-05-07,17.25863875
SERC,2018-05-08,17.181475416666668
SERC,2018-05-09,16.974674583333332
SERC,2018-05-10,19.222086666666666
SERC,2018-05-11,21.353427916666668
SERC,2018-05-12,21.153002916666665
SERC,2018-05-13,17.47103641025641
SERC,2018-05-14,16.763704060913707
SERC,2018-05-15,23.526868159203982
SERC,2018-05-16,19.759622842639594
SERC,2018-05-17,18.05212448979592
SERC,2018-05-18,17.224433103448277
SERC,2018-05-19,15.189870344827586
SERC,2018-05-20,24.130030177514794
SERC,2018-05-21,21.44814482758621
SERC,2018-05-22,19.633364804469274
SERC,2018-05-23,21.85843474576271
SERC,2018-05-24,21.30250375
SERC,2018-05-25,21.88898208333333
SERC,2018-05-26,25.234038333333334
SERC,2018-05-27,23.444962916666668
SERC,2018-05-28,17.82181458333333
SERC,2018-05-29,21.067225991189428
SERC,2018-05-30,22.336061181434598
SERC,2018-05-31,21.782343965517242
SERC,2018-06-01,23.19343155339806
SERC,2018-06-02,23.27245550660793
SERC,2018-06-03,18.226762068965517
SERC,2018-06-04,16.12668625
SERC,2018-06-05,19.566302916666668
SERC,2018-06-06,18.969247083333332
SERC,2018-06-07,19.143298333333334
SERC,2018-06-08,20.79400083333333
SERC,2018-06-09,22.284585833333335
SERC,2018-06-10,21.8246047008547
SERC,2018-06-11,16.719302164502164
SERC,2018-06-12,17.631902083333333
SERC,2018-06-13,22.08543675213675
SERC,2018-06-14,25.034211344537816
SERC,2018-06-15,22.134725416666665
SERC,2018-06-16,20.896114583333333
SERC,2018-06-17,23.80044375
SERC,2018-06-18,25.716469456066946
SERC,2018-06-19,26.413326086956523
SERC,2018-06-20,23.510635964912282
SERC,2018-06-21,23.178288725490194
SERC,2018-06-22,21.245977489177488
SERC,2018-06-23,21.03540294117647
SERC,2018-06-24,25.13040168539326
SERC,2018-06-25,23.301292307692307
SERC,2018-06-26,21.14253375
SERC,2018-06-27,22.01759220779221
SERC,2018-06-28,25.62068340807175
SERC,2018-06-29,25.333116666666665
SERC,2018-06-30,25.930764583333332
SERC,2018-07-01,26.419395
SERC,2018-07-02,27.456018410041843
SERC,2018-07-03,28.100997899159665
SERC,2018-07-04,27.314400833333334
SERC,2018-07-05,27.1275615720524
SERC,2018-07-06,26.47823434782609
SERC,2018-07-07,22.249079583333334
SERC,2018-07-08,20.388490416666667
SERC,2018-07-09,21.025585833333334
SERC,2018-07-10,23.929160454545453
SERC,2018-07-11,25.716160416666668
SERC,2018-07-12,24.071854583333334
SERC,2018-07-13,23.271562083333333
SERC,2018-07-14,22.8251718061674
SERC,2018-07-15,23.7701984375
SERC,2018-07-16,25.529541145833335
SERC,2018-07-17,25.86774678111588
SERC,2018-07-18,23.863292916666666
SERC,2018-07-19,22.5365275
SERC,2018-07-20,22.651010833333334
SERC,2018-07-21,21.852809166666667
SERC,2018-07-22,20.67238510638298
SERC,2018-07-23,24.96585495049505
SERC,2018-07-24,24.317081725888325
SERC,2018-07-25,23.99669375
SERC,2018-07-26,24.340263461538463
SERC,2018-07-27,24.823314285714286
SERC,2018-07-28,24.187204191616768
SERC,2018-07-29,22.268244791666667
SERC,2018-07-30,21.618111458333335
SERC,2018-07-31,22.813576
SERC,2018-08-01,25.513896296296295
SERC,2018-08-02,24.86610790960452
SERC,2018-08-03,24.00570972222222
SERC,2018-08-04,25.116484810126583
SERC,2018-08-05,25.72290782122905
SERC,2018-08-06,25.401861458333332
SERC,2018-08-07,25.61911451612903
SERC,2018-08-08,25.54040789473684
SERC,2018-08-09,26.001838020833333
SERC,2018-08-10,25.242625520833332
SERC,2018-08-11,25.28570625
SERC,2018-08-12,23.4441455026455
SERC,2018-08-13,23.424352976190477
SERC,2018-08-14,22.577279761904762
SERC,2018-08-15,24.090733870967743
SERC,2018-08-16,25.034853645833334
SERC,2018-08-17,26.710597340425533
SERC,2018-08-18,25.747221875
SERC,2018-08-19,23.5566640625
SERC,2018-08-20,22.258202083333334
SERC,2018-08-21,23.80139734042553
SERC,2018-08-22,23.752135220125787
SERC,2018-08-23,20.84113315789474
SERC,2018-08-24,20.10695105263158
SERC,2018-08-25,20.316840104166666
SERC,2018-08-26,22.1011953125
SERC,2018-08-27,25.260516145833332
SERC,2018-08-28,27.2290956284153
SERC,2018-08-29,27.648268965517243
SERC,2018-08-30,26.769184375
SERC,2018-08-31,25.391337037037037
SERC,2018-09-01,24.69673661202186
SERC,2018-09-02,25.46426174863388
SERC,2018-09-03,26.52915388888889
SERC,2018-09-04,27.53752514285714
SERC,2018-09-05,26.74564095744681
SERC,2018-09-06,27.16779893617021
SERC,2018-09-07,25.58930416666667
SERC,2018-09-08,21.687148235294117
SERC,2018-09-09,17.20245277777778
SERC,2018-09-10,19.091079166666667
SERC,2018-09-11,21.84534861111111
SERC,2018-09-12,23.263170945945944
SERC,2018-09-13,23.719245833333332
SERC,2018-09-14,22.6152608974359
SERC,2018-09-15,22.750569590643273
SERC,2018-09-16,22.016348275862068
SERC,2018-09-17,23.62335989010989
SERC,2018-09-18,24.847774149659863
SERC,2018-09-19,23.787656172839505
SERC,2018-09-20,21.901585789473685
SERC,2018-09-21,21.2883421875
SERC,2018-09-22,22.34548994708995
SERC,2018-09-23,16.506925520833335
SERC,2018-09-24,17.339835526315788
SERC,2018-09-25,21.534431944444446
SERC,2018-09-26,24.175604605263157
SERC,2018-09-27,18.086197701149427
SERC,2018-09-28,17.041083243243243
SERC,2018-09-29,18.41247219251337
SERC,2018-09-30,17.498472916666667
SERC,2018-10-01,20.090385416666667
SERC,2018-10-02,21.6227953125
SERC,2018-10-03,22.723597368421053
SERC,2018-10-04,23.2702890625
SERC,2018-10-05,19.244359895833334
SERC,2018-10-06,19.673052604166667
SERC,2018-10-07,22.449119277108434
SERC,2018-10-08,23.414065644171778
SERC,2018-10-09,23.24598172043011
SERC,2018-10-10,23.14976111111111
SERC,2018-10-11,24.422966863905327
SERC,2018-10-12,16.406309550561797
SERC,2018-10-13,11.080015625
SERC,2018-10-14,9.972296354166666
SERC,2018-10-15,16.365455729166666
SERC,2018-10-16,15.586827604166666
SERC,2018-10-17,13.569647395833334
SERC,2018-10-18,10.137767015706807
SERC,2018-10-19,9.159166666666668
SERC,2018-10-20,14.2125375
SERC,2018-10-21,10.08890625
SERC,2018-10-22,6.966344791666667
SERC,2018-10-23,12.342959375
SERC,2018-10-24,10.062982291666666
SERC,2018-10-25,6.320591145833333
SERC,2018-10-26,6.969765104166667
SERC,2018-10-27,10.279884375
SERC,2018-10-28,10.2030703125
SERC,2018-10-29,11.846198958333334
SERC,2018-10-30,9.587696875
SERC,2018-10-31,12.10355625
SERC,2018-11-01,17.32362245989305
SERC,2018-11-02,20.3408171875
SERC,2018-11-03,12.793075520833334
SERC,2018-11-04,7.657227604166667
SERC,2018-11-05,12.499940625
SERC,2018-11-06,13.635568617021276
SERC,2018-11-07,13.547154687499999
SERC,2018-11-08,11.8828234375
SERC,2018-11-09,8.885571354166666
SERC,2018-11-10,6.5636869791666665
SERC,2018-11-11,2.0033177083333333
SERC,2018-11-12,4.065447916666667
SERC,2018-11-13,7.318263157894737
SERC,2018-11-14,4.985545833333333
SERC,2018-11-15,2.1906427083333333
SERC,2018-11-16,5.076761979166666
SERC,2018-11-17,6.1599546875
SERC,2018-11-18,4.2304828125
SERC,2018-11-19,7.0710953125
SERC,2018-11-20,9.197278125
SERC,2018-11-21,5.0986453125
SERC,2018-11-22,0.9308161458333333
SERC,2018-11-23,-2.4053015625
SERC,2018-11-24,3.6068786458333335
SERC,2018-11-25,8.951926041666667
SERC,2018-11-26,9.15751875
SERC,2018-11-27,4.841772395833333
SERC,2018-11-28,1.7499807291666667
SERC,2018-11-29,0.8360773684210526
SERC,2018-11-30,2.8543171875
SERC,2018-12-01,2.753096354166667
SERC,2018-12-02,9.857912041884816
SERC,2018-12-03,13.503716145833334
SERC,2018-12-04,5.6900885416666664
SERC,2018-12-05,0.939978125
SERC,2018-12-06,1.6482567708333333
SERC,2018-12-07,3.2438026041666665
SERC,2018-12-08,-1.0762947916666668
SERC,2018-12-09,-0.29475208333333336
SERC,2018-12-10,0.3867260416666667
SERC,2018-12-11,-0.12374947916666668
SERC,2018-12-12,2.7252760416666666
SERC,2018-12-13,5.485002604166667
SERC,2018-12-14,5.366066666666667
SERC,2018-12-15,9.6589796875
SERC,2018-12-16,7.826596354166667
SERC,2018-12-17,7.158335416666667
SERC,2018-12-18,4.615734375
SERC,2018-12-19,2.1472255208333335
SERC,2018-12-20,3.15620625
SERC,2018-12-21,12.686559895833334
SERC,2018-12-22,8.282080729166667
SERC,2018-12-23,4.4352057291666664
SERC,2018-12-24,5.156826041666666
SERC,2018-12-25,3.2122083333333333
SERC,2018-12-26,1.4113135416666667
SERC,2018-12-27,3.6214973958333334
SERC,2018-12-28,9.238896354166666
SERC,2018-12-29,11.056954166666667
SERC,2018-12-30,4.564352604166666
SERC,2018-12-31,4.166159895833333
SERC,2019-01-01,13.718868229166667
SERC,2019-01-02,6.3589609375
SERC,2019-01-03,7.020972916666667
SERC,2019-01-04,4.093654166666667
SERC,2019-01-05,7.7496234375
SERC,2019-01-06,8.888622916666666
SERC,2019-01-07,2.60063125
SERC,2019-01-08,6.0326609375
SERC,2019-01-09,7.400790625
SERC,2019-01-10,0.29425989583333334
SERC,2019-01-11,-0.9733770833333334
SERC,2019-01-12,-1.4551932291666667
SERC,2019-01-13,-1.92151875
SERC,2019-01-14,-1.6002010416666668
SERC,2019-01-15,-1.9847958333333333
SERC,2019-01-16,-0.9516286458333333
SERC,2019-01-17,1.907528125
SERC,2019-01-18,1.1556802083333333
SERC,2019-01-19,1.8635458333333332
SERC,2019-01-20,4.480784816753927
SERC,2019-01-21,-8.204230729166667
SERC,2019-01-22,-7.0677770833333335
SERC,2019-01-23,2.1764375
SERC,2019-01-24,8.343563020833333
SERC,2019-01-25,1.4968932291666666
SERC,2019-01-26,-1.3919354166666666
SERC,2019-01-27,2.0511822916666667
SERC,2019-01-28,1.0982088541666666
SERC,2019-01-29,0.5863166666666667
SERC,2019-01-30,-3.2850942708333335
SERC,2019-01-31,-10.087805729166666
SERC,2019-02-01,-7.938972916666667
SERC,2019-02-02,-5.9168328125
SERC,2019-02-03,1.1238645833333334
SERC,2019-02-04,4.5236447916666664
SERC,2019-02-05,9.457556770833333
SERC,2019-02-06,8.9407796875
SERC,2019-02-07,7.70165625
SERC,2019-02-08,7.88729375
SERC,2019-02-09,0.2671822916666667
SERC,2019-02-10,-2.3765505208333333
SERC,2019-02-11,0.2618817708333333
SERC,2019-02-12,1.6424401041666667
SERC,2019-02-13,4.605867708333333
SERC,2019-02-14,4.062120833333333
SERC,2019-02-15,11.091799479166667
SERC,2019-02-16,7.5871484375
SERC,2019-02-17,0.47117916666666665
SERC,2019-02-18,4.408759895833334
SERC,2019-02-19,1.416531693989071
SERC,2019-02-20,0.025480208333333327
SERC,2019-02-21,3.9254276041666665
SERC,2019-02-22,7.54080625
SERC,2019-02-23,3.487847395833333
SERC,2019-02-24,5.620580208333333
SERC,2019-02-25,7.206309523809524
SERC,2019-02-26,4.100682681564246
SERC,2019-02-27,1.470496875
SERC,2019-02-28,4.180530729166667
SERC,2019-03-01,1.0835130208333335
SERC,2019-03-02,2.679691666666667
SERC,2019-03-03,3.5422854166666666
SERC,2019-03-04,2.1963705263157896
SERC,2019-03-05,-0.8934776041666667
SERC,2019-03-06,-3.1668265625
SERC,2019-03-07,-1.5958661458333334
SERC,2019-03-08,0.8538036458333333
SERC,2019-03-09,2.1699510416666667
SERC,2019-03-10,6.4990640625
SERC,2019-03-11,12.356910416666667
SERC,2019-03-12,7.5930687500000005
SERC,2019-03-13,4.714934895833333
SERC,2019-03-14,9.490148958333334
SERC,2019-03-15,17.426192708333332
SERC,2019-03-16,11.40064375
SERC,2019-03-17,5.127521354166666
SERC,2019-03-18,4.052880729166667
SERC,2019-03-19,3.6943208333333333
SERC,2019-03-20,4.760134375
SERC,2019-03-21,8.16014375
SERC,2019-03-22,7.491993229166667
SERC,2019-03-23,5.744852083333333
SERC,2019-03-24,8.078313020833333
SERC,2019-03-25,10.425175
SERC,2019-03-26,5.752569791666667
SERC,2019-03-27,4.303102083333333
SERC,2019-03-28,6.1755
SERC,2019-03-29,11.9229265625
SERC,2019-03-30,13.829270833333334
SERC,2019-03-31,13.127547395833334
SERC,2019-04-01,3.7989057291666666
SERC,2019-04-02,5.024281770833333
SERC,2019-04-03,10.1472421875
SERC,2019-04-04,12.751456770833334
SERC,2019-04-05,9.9429140625
SERC,2019-04-06,10.326329166666667
SERC,2019-04-07,13.307910416666667
SERC,2019-04-08,19.00656510416667
SERC,2019-04-09,19.269853448275864
SERC,2019-04-10,16.859573958333332
SERC,2019-04-11,11.892412903225807
SERC,2019-04-12,12.731651052631578
SERC,2019-04-13,17.342907291666666
SERC,2019-04-14,16.858759895833334
SERC,2019-04-15,14.7638515625
SERC,2019-04-16,11.369863541666666
SERC,2019-04-17,14.686374479166666
SERC,2019-04-18,15.5976296875
SERC,2019-04-19,18.618780208333334
SERC,2019-04-20,18.30378804347826
SERC,2019-04-21,15.241113541666667
SERC,2019-04-22,15.898749479166666
SERC,2019-04-23,17.888360416666668
SERC,2019-04-24,19.7466171875
SERC,2019-04-25,16.957954166666667
SERC,2019-04-26,16.4118984375
SERC,2019-04-27,15.214767708333333
SERC,2019-04-28,15.1975984375
SERC,2019-04-29,10.2948796875
SERC,2019-04-30,16.5736546875
SERC,2019-05-01,16.083149479166668
SERC,2019-05-02,18.072836458333335
SERC,2019-05-03,18.429588020833332
SERC,2019-05-04,18.3465625
SERC,2019-05-05,16.948759883720932
SERC,2019-05-06,15.65544
SERC,2019-05-07,18.253591145833333
SERC,2019-05-08,17.8870265625
SERC,2019-05-09,17.9065984375
SERC,2019-05-10,20.990211458333334
SERC,2019-05-11,17.556156770833333
SERC,2019-05-12,13.067452083333333
SERC,2019-05-13,10.052190909090909
SERC,2019-05-14,10.446243421052632
SERC,2019-05-16,19.758915873015873
SERC,2019-05-17,18.595690070921986
SERC,2019-05-18,21.053931944444443
SERC,2019-05-19,21.576438194444446
SERC,2019-05-20,25.31925902777778
SERC,2019-05-21,19.361704166666666
SERC,2019-05-22,16.049565972222222
SERC,2019-05-23,19.310959722222222
SERC,2019-05-24,22.872663888888887
SERC,2019-05-25,19.92002986111111
SERC,2019-05-26,22.5146232
SERC,2019-05-27,22.203866666666666
SERC,2019-05-28,22.857979166666667
SERC,2019-05-29,26.71436146788991
SERC,2019-05-30,23.72827364341085
SERC,2019-05-31,22.544297916666668
SERC,2019-06-01,22.51875625
SERC,2019-06-02,22.390781944444445
SERC,2019-06-03,18.457560416666666
SERC,2019-06-04,16.393293055555556
SERC,2019-06-05,21.61622152777778
SERC,2019-06-06,24.680144444444444
SERC,2019-06-07,23.202627777777778
SERC,2019-06-08,22.253777777777778
SERC,2019-06-09,20.45229513888889
SERC,2019-06-10,20.4227875
SERC,2019-06-11,21.456366666666668
SERC,2019-06-12,19.182763194444444
SERC,2019-06-13,19.05527777777778
SERC,2019-06-14,17.745002083333333
SERC,2019-06-15,20.00193888888889
SERC,2019-06-16,23.776105555555556
SERC,2019-06-17,25.51693611111111
SERC,2019-06-18,23.702449305555554
SERC,2019-06-19,23.1181125
SERC,2019-06-20,24.993097916666667
SERC,2019-06-21,22.97165138888889
SERC,2019-06-22,21.59138611111111
SERC,2019-06-23,20.98304027777778
SERC,2019-06-24,23.131732704402516
SERC,2019-06-25,25.241459895833334
SERC,2019-06-26,25.241953125
SERC,2019-06-27,25.8353453125
SERC,2019-06-28,25.079877083333333
SERC,2019-06-29,24.452663020833334
SERC,2019-06-30,25.178089583333332
SERC,2019-07-01,22.782266145833333
SERC,2019-07-02,23.784703125
SERC,2019-07-03,25.0242609375
SERC,2019-07-04,25.6375421875
SERC,2019-07-05,25.651256424581007
SERC,2019-07-06,26.942617204301076
SERC,2019-07-07,24.43219623655914
SERC,2019-07-08,23.546195833333332
SERC,2019-07-09,22.277704210526316
SERC,2019-07-10,23.936597395833335
SERC,2019-07-11,24.973630208333333
SERC,2019-07-12,24.981220218579235
SERC,2019-07-13,24.99714270833333
SERC,2019-07-14,26.452550520833334
SERC,2019-07-15,24.55765347593583
SERC,2019-07-16,25.887742708333334
SERC,2019-07-17,27.7804984375
SERC,2019-07-18,26.135759895833335
SERC,2019-07-19,28.170872727272727
SERC,2019-07-20,29.192114583333332
SERC,2019-07-21,29.872791666666668
SERC,2019-07-22,27.109406770833335
SERC,2019-07-23,21.724213440860215
SERC,2019-07-24,22.232553645833335
SERC,2019-07-25,22.718323958333333
SERC,2019-07-26,23.073381770833333
SERC,2019-07-27,23.98873645833333
SERC,2019-07-28,25.355258854166667
SERC,2019-07-29,26.7186375
SERC,2019-07-30,27.274902604166666
SERC,2019-07-31,25.3006046875
SERC,2019-08-01,23.6000828125
SERC,2019-08-02,23.578105208333334
SERC,2019-08-03,24.260833333333334
SERC,2019-08-04,25.177890104166668
SERC,2019-08-05,24.350733854166666
SERC,2019-08-06,24.573488481675394
SERC,2019-08-07,25.150381770833334
SERC,2019-08-08,24.257755729166668
SERC,2019-08-09,25.295821354166666
SERC,2019-08-10,22.31246979166667
SERC,2019-08-11,21.8490109375
SERC,2019-08-12,22.846492708333333
SERC,2019-08-13,24.854835416666667
SERC,2019-08-14,25.472546875
SERC,2019-08-15,24.482732291666668
SERC,2019-08-16,25.079208333333334
SERC,2019-08-17,25.532221875
SERC,2019-08-18,26.83359447513812
SERC,2019-08-19,26.638953125
SERC,2019-08-20,26.6473046875
SERC,2019-08-21,25.07168125
SERC,2019-08-22,25.801721875
SERC,2019-08-23,21.87505625
SERC,2019-08-24,19.567434375
SERC,2019-08-25,19.8279109375
SERC,2019-08-26,19.805879166666667
SERC,2019-08-27,20.5100890625
SERC,2019-08-28,22.429461979166668
SERC,2019-08-29,22.0110046875
SERC,2019-08-30,22.2300078125
SERC,2019-08-31,23.310059375
SERC,2019-09-01,23.274011979166666
SERC,2019-09-02,24.882811979166668
SERC,2019-09-03,23.501851041666665
SERC,2019-09-04,24.987102083333333
SERC,2019-09-05,22.714358854166665
SERC,2019-09-06,19.9094375
SERC,2019-09-07,19.538622395833332
SERC,2019-09-08,20.480617708333334
SERC,2019-09-09,21.855954166666667
SERC,2019-09-10,22.338606770833334
SERC,2019-09-11,23.9591828125
SERC,2019-09-12,26.102484375
SERC,2019-09-13,20.889633333333332
SERC,2019-09-14,21.068061458333332
SERC,2019-09-15,23.906698958333333
SERC,2019-09-16,21.820629166666667
SERC,2019-09-17,22.136580208333335
SERC,2019-09-18,18.47371875
SERC,2019-09-19,17.121915104166668
SERC,2019-09-20,16.2828765625
SERC,2019-09-21,19.130767708333334
SERC,2019-09-22,22.523063541666666
SERC,2019-09-23,24.716628125
SERC,2019-09-24,22.882701041666667
SERC,2019-09-25,18.5831578125
SERC,2019-09-26,21.056952604166668
SERC,2019-09-27,20.448194270833334
SERC,2019-09-28,22.0788078125
SERC,2019-09-29,23.997605208333333
SERC,2019-09-30,21.393974479166666
SERC,2019-10-01,21.958359895833333
SERC,2019-10-02,26.08733125
SERC,2019-10-03,23.420659375
SERC,2019-10-04,21.595263020833332
SERC,2019-10-05,13.6432734375
SERC,2019-10-06,18.997888541666665
SERC,2019-10-07,22.299076041666666
SERC,2019-10-08,17.0118546875
SERC,2019-10-09,15.925891666666667
SERC,2019-10-10,16.1595046875
SERC,2019-10-11,15.912996354166667
SERC,2019-10-12,14.6169890625
SERC,2019-10-13,13.722884375
SERC,2019-10-14,15.273471354166666
SERC,2019-10-15,14.026055208333334
SERC,2019-10-16,15.477991534391535
SERC,2019-10-17,12.168665104166667
SERC,2019-10-18,11.545433854166667
SERC,2019-10-19,10.323722916666666
SERC,2019-10-20,12.473097837837837
SERC,2019-10-21,13.848176041666667
SERC,2019-10-22,15.260893229166667
SERC,2019-10-23,14.31545625
SERC,2019-10-24,11.453876041666666
SERC,2019-10-25,13.387846354166667
SERC,2019-10-26,15.021428645833334
SERC,2019-10-27,18.94388125
SERC,2019-10-28,15.184221875
SERC,2019-10-29,15.2630078125
SERC,2019-10-30,14.7486203125
SERC,2019-10-31,18.652128645833333
SERC,2019-11-01,10.596593193717277
SERC,2019-11-02,5.188504166666666
SERC,2019-11-03,6.766266145833334
SERC,2019-11-04,7.477803125
SERC,2019-11-05,11.630594270833333
SERC,2019-11-06,9.351765104166667
SERC,2019-11-07,10.229551041666667
SERC,2019-11-08,5.583718229166666
SERC,2019-11-09,0.9845182291666666
SERC,2019-11-10,6.1944125
SERC,2019-11-11,9.944682291666666
SERC,2019-11-12,9.419570157068064
SERC,2019-11-13,-1.1457421875
SERC,2019-11-14,-0.13482251308900525
SERC,2019-11-15,4.097344270833333
SERC,2019-11-16,4.978311979166667
SERC,2019-11-17,3.9415890625
SERC,2019-11-18,5.794381770833334
SERC,2019-11-19,7.4146197916666665
SERC,2019-11-20,8.269620833333333
SERC,2019-11-21,6.961484375
SERC,2019-11-22,10.16375392670157
SERC,2019-11-23,3.6537802083333335
SERC,2019-11-24,6.281492105263158
SERC,2019-11-25,6.747615104166667
SERC,2019-11-26,7.870263020833334
SERC,2019-11-27,10.267325
SERC,2019-11-28,9.968582631578947
SERC,2019-11-29,5.7469197916666666
SERC,2019-11-30,4.4603552083333335
SERC,2019-12-01,5.348230729166667
SERC,2019-12-02,4.182880208333334
SERC,2019-12-03,4.835588020833334
SERC,2019-12-04,3.812211052631579
SERC,2019-12-05,5.370049152542373
SERC,2019-12-06,5.5137578125
SERC,2019-12-07,5.160786979166667
SERC,2019-12-08,1.7880479166666667
SERC,2019-12-09,7.169846354166666
SERC,2019-12-10,13.533948958333333
SERC,2019-12-11,2.89180625
SERC,2019-12-12,-0.17762708333333332
SERC,2019-12-13,1.0733078125
SERC,2019-12-14,7.980811475409836
SERC,2019-12-15,7.843729166666667
SERC,2019-12-16,2.1322578125
SERC,2019-12-17,2.969021354166667
SERC,2019-12-18,2.3499609375
SERC,2019-12-19,-3.046817277486911
SERC,2019-12-20,-2.210884375
SERC,2019-12-21,-1.3623828125
SERC,2019-12-22,0.30800364583333334
SERC,2019-12-23,2.928712041884817
SERC,2019-12-24,5.6193544910179645
SERC,2019-12-25,2.528218229166667
SERC,2019-12-26,2.9353395833333336
SERC,2019-12-27,6.8697755208333335
SERC,2019-12-28,10.0774609375
SERC,2019-12-29,7.495815625
SERC,2019-12-30,11.223648958333333
SERC,2019-12-31,7.099549479166667
STER,2018-01-01,-13.730889552238805
STER,2018-01-02,-11.330714545454546
STER,2018-01-03,-1.4046254385964911
STER,2018-01-04,-0.5510583333333333
STER,2018-01-05,-1.3627802816901409
STER,2018-01-06,1.0175208333333334
STER,2018-01-07,3.876251388888889
STER,2018-01-08,0.6500652777777778
STER,2018-01-09,6.407227777777778
STER,2018-01-10,5.657905555555556
STER,2018-01-11,-4.402613043478261
STER,2018-01-12,-6.073284722222223
STER,2018-01-13,-3.857079230769231
STER,2018-01-14,2.6850145833333334
STER,2018-01-15,-5.560579861111111
STER,2018-01-16,-14.843432638888888
STER,2018-01-17,-5.941662857142857
STER,2018-01-18,0.6180909722222222
STER,2018-01-19,6.007715972222222
STER,2018-01-20,1.8818689393939394
STER,2018-01-21,-2.3276663366336634
STER,2018-01-22,-3.963910144927536
STER,2018-01-23,-2.74571875
STER,2018-01-24,-3.8606166666666666
STER,2018-01-25,3.843225
STER,2018-01-26,2.043626388888889
STER,2018-01-27,-1.9044555555555556
STER,2018-01-28,-0.9327131944444444
STER,2018-01-29,0.6111159722222222
STER,2018-01-30,4.5967676056338025
STER,2018-01-31,1.1943375
STER,2018-02-01,-3.538413333333333
STER,2018-02-02,-4.178717857142857
STER,2018-02-03,2.2593604166666665
STER,2018-02-04,-7.401328472222223
STER,2018-02-05,-4.0909451388888884
STER,2018-02-06,-5.547909722222222
STER,2018-02-07,-1.5174958333333333
STER,2018-02-08,4.341347916666667
STER,2018-02-09,-3.9914347222222224
STER,2018-02-10,-14.49293125
STER,2018-02-11,-10.085856944444444
STER,2018-02-12,-7.4489069444444445
STER,2018-02-13,-3.7468809523809523
STER,2018-02-14,4.94407676056338
STER,2018-02-15,3.9987180555555555
STER,2018-02-16,-4.698195833333333
STER,2018-02-17,2.0034305555555556
STER,2018-02-18,7.855298611111111
STER,2018-02-19,-10.452031944444444
STER,2018-02-20,-16.466696527777778
STER,2018-02-21,-12.92938761061947
STER,2018-02-22,-6.462586842105263
STER,2018-02-23,-4.849745833333333
STER,2018-02-24,-3.1427338235294116
STER,2018-02-25,-2.1396805555555556
STER,2018-02-26,0.14937291666666674
STER,2018-02-27,1.7717645833333333
STER,2018-02-28,1.2380802816901408
STER,2018-03-01,-0.035842361111111096
STER,2018-03-02,5.673093055555555
STER,2018-03-03,9.410629166666666
STER,2018-03-04,6.720672222222222
STER,2018-03-05,1.6394446808510639
STER,2018-03-06,-0.9596335877862595
STER,2018-03-07,-2.0455027777777777
STER,2018-03-08,2.6808472222222224
STER,2018-03-09,9.014063194444445
STER,2018-03-10,7.9693774647887325
STER,2018-03-11,-0.5193592857142857
STER,2018-03-12,1.2362041666666668
STER,2018-03-13,2.3917145833333335
STER,2018-03-14,5.966968309859155
STER,2018-03-15,10.137904166666667
STER,2018-03-16,4.863665957446808
STER,2018-03-17,4.477420833333333
STER,2018-03-18,4.525363194444444
STER,2018-03-19,1.32847
STER,2018-03-20,0.5736645833333333
STER,2018-03-21,5.284301388888889
STER,2018-03-22,11.00083888888889
STER,2018-03-23,12.169152083333334
STER,2018-03-24,7.730328472222222
STER,2018-03-25,5.305582638888889
STER,2018-03-26,3.67341875
STER,2018-03-27,3.977622222222222
STER,2018-03-28,2.7997381944444446
STER,2018-03-29,3.107351748251748
STER,2018-03-30,4.017859027777778
STER,2018-03-31,3.1451583333333333
STER,2018-04-01,-1.972648611111111
STER,2018-04-02,6.559303472222222
STER,2018-04-03,2.421594326241135
STER,2018-04-04,2.7209180555555554
STER,2018-04-05,7.6897520833333335
STER,2018-04-06,-0.05843749999999997
STER,2018-04-07,-4.1069832
STER,2018-04-08,9.95042638888889
STER,2018-04-09,7.301679166666666
STER,2018-04-10,8.906202777777779
STER,2018-04-11,14.980820143884893
STER,2018-04-12,10.493119444444444
STER,2018-04-13,5.171534
STER,2018-04-15,5.369787234042553
STER,2018-04-16,3.636473611111111
STER,2018-04-17,8.420485314685315
STER,2018-04-18,4.912371830985916
STER,2018-04-19,4.983069784172662
STER,2018-04-20,4.65572480620155
STER,2018-04-21,1.7328861111111111
STER,2018-04-22,5.121270833333333
STER,2018-04-23,8.9177875
STER,2018-04-24,4.935752777777778
STER,2018-04-25,4.531170833333333
STER,2018-04-26,9.773025352112676
STER,2018-04-27,10.18157361111111
STER,2018-04-28,12.130634027777777
STER,2018-04-29,16.153265972222222
STER,2018-04-30,14.848897916666667
STER,2018-05-01,11.238018055555555
STER,2018-05-02,8.310370138888889
STER,2018-05-03,8.210653472222223
STER,2018-05-04,10.845952083333334
STER,2018-05-05,14.573297916666666
STER,2018-05-06,15.964953472222222
STER,2018-05-07,17.27104513888889
STER,2018-05-08,17.209228169014086
STER,2018-05-09,16.649709722222223
STER,2018-05-10,18.64119861111111
STER,2018-05-11,11.872661805555556
STER,2018-05-12,10.252056944444444
STER,2018-05-13,10.724258333333333
STER,2018-05-14,13.232764583333333
STER,2018-05-15,13.035824305555556
STER,2018-05-16,17.938492361111113
STER,2018-05-17,19.631472916666667
STER,2018-05-18,16.719589583333335
STER,2018-05-19,9.742858778625955
STER,2018-05-20,8.041640972222222
STER,2018-05-21,13.443845833333333
STER,2018-05-22,17.049779861111112
STER,2018-05-23,17.78674090909091
STER,2018-05-24,19.540185416666667
STER,2018-05-25,20.331841666666666
STER,2018-05-26,22.6981625
STER,2018-05-27,22.49884722222222
STER,2018-05-28,16.02068402777778
STER,2018-05-29,14.931115972222223
STER,2018-05-30,16.627515972222223
STER,2018-05-31,19.543603472222223
STER,2018-06-01,22.25623263888889
STER,2018-06-02,17.43372638888889
STER,2018-06-03,17.68572916666667
STER,2018-06-04,19.278928472222223
STER,2018-06-05,24.200667361111112
STER,2018-06-06,24.892238194444445
STER,2018-06-07,22.240249305555555
STER,2018-06-08,23.305429166666666
STER,2018-06-09,23.009960416666665
STER,2018-06-10,24.347585416666668
STER,2018-06-11,21.12051111111111
STER,2018-06-12,18.92987638888889
STER,2018-06-13,22.901902083333333
STER,2018-06-14,25.931366666666666
STER,2018-06-15,23.095151449275363
STER,2018-06-16,24.56077847222222
STER,2018-06-17,21.65113125
STER,2018-06-18,16.179925
STER,2018-06-19,17.217305982905984
STER,2018-06-20,17.732991743119268
STER,2018-06-21,17.024731944444444
STER,2018-06-22,18.262205555555557
STER,2018-06-23,19.31194375
STER,2018-06-24,17.041081944444443
STER,2018-06-25,16.059739583333332
STER,2018-06-26,20.95033611111111
STER,2018-06-27,24.97749027777778
STER,2018-06-28,27.76449513888889
STER,2018-06-29,22.777320689655173
STER,2018-07-03,31.806247916666667
STER,2018-07-04,24.04789166666667
STER,2018-07-05,21.629168055555557
STER,2018-07-06,23.373235416666667
STER,2018-07-07,25.739330555555554
STER,2018-07-08,26.429971527777777
STER,2018-07-09,25.8441875
STER,2018-07-10,26.018186363636364
STER,2018-07-11,26.21348888888889
STER,2018-07-12,25.615493055555554
STER,2018-07-13,22.023908333333335
STER,2018-07-14,23.427502083333334
STER,2018-07-15,22.156222916666668
STER,2018-07-16,21.81023125
STER,2018-07-17,21.98673888888889
STER,2018-07-18,23.41645
STER,2018-07-19,25.637345833333335
STER,2018-07-20,26.052127083333332
STER,2018-07-21,25.95710625
STER,2018-07-22,25.52300763888889
STER,2018-07-23,21.824246464646464
STER,2018-07-24,22.17177013888889
STER,2018-07-25,22.37087013888889
STER,2018-07-26,19.75640138888889
STER,2018-07-27,18.530714583333335
STER,2018-07-28,19.296091666666666
STER,2018-07-29,17.080277777777777
STER,2018-07-30,17.085459027777777
STER,2018-07-31,17.79467222222222
STER,2018-08-01,21.080030985915492
STER,2018-08-02,22.076481944444446
STER,2018-08-03,21.723389583333333
STER,2018-08-04,21.756202083333335
STER,2018-08-05,21.036191666666667
STER,2018-08-06,18.92014097222222
STER,2018-08-07,19.79366875
STER,2018-08-08,20.73986875
STER,2018-08-09,22.121377777777777
STER,2018-08-10,22.35589861111111
STER,2018-08-11,22.356495833333334
STER,2018-08-12,21.569336805555555
STER,2018-08-13,20.861106944444444
STER,2018-08-14,20.131336805555556
STER,2018-08-15,21.298163194444445
STER,2018-08-16,20.318218055555555
STER,2018-08-17,21.752225694444444
STER,2018-08-18,19.366120833333333
STER,2018-08-19,15.25543263888889
STER,2018-08-20,13.634678472222221
STER,2018-08-21,14.030257638888889
STER,2018-08-22,15.724409722222223
STER,2018-08-23,21.432470833333333
STER,2018-08-24,20.69066527777778
STER,2018-08-25,22.427614583333334
STER,2018-08-26,23.27879652777778
STER,2018-08-27,23.45060625
STER,2018-08-28,18.21702638888889
STER,2018-08-29,16.459424615384616
STER,2018-08-30,21.215095833333333
STER,2018-08-31,22.412893055555557
STER,2018-09-01,19.534238194444445
STER,2018-09-02,17.939634722222223
STER,2018-09-03,17.96082986111111
STER,2018-09-04,19.59501388888889
STER,2018-09-05,18.198017361111113
STER,2018-09-06,17.343055555555555
STER,2018-09-07,17.231074305555556
STER,2018-09-08,18.263035416666668
STER,2018-09-09,20.34145138888889
STER,2018-09-10,21.203208333333333
STER,2018-09-11,21.847330555555555
STER,2018-09-12,22.884038888888888
STER,2018-09-13,23.800227083333333
STER,2018-09-14,21.673392361111112
STER,2018-09-15,21.734711805555555
STER,2018-09-16,23.770270833333335
STER,2018-09-17,24.270810416666666
STER,2018-09-18,21.55007986111111
STER,2018-09-19,19.766180555555554
STER,2018-09-20,17.23232986111111
STER,2018-09-21,14.06144236111111
STER,2018-09-22,17.403154861111112
STER,2018-09-23,19.800706944444446
STER,2018-09-24,17.491068055555555
STER,2018-09-25,11.864860839160839
STER,2018-09-26,11.159539583333334
STER,2018-09-27,14.5610625
STER,2018-09-28,7.855575
STER,2018-09-29,11.24405
STER,2018-09-30,8.321922916666667
STER,2018-10-01,9.52485625
STER,2018-10-02,15.852400694444444
STER,2018-10-03,19.45968125
STER,2018-10-04,7.807514583333333
STER,2018-10-05,8.613008333333333
STER,2018-10-06,7.181084722222222
STER,2018-10-07,5.897196527777778
STER,2018-10-08,3.042809027777778
STER,2018-10-09,1.135025
STER,2018-10-10,-0.017421527777777782
STER,2018-10-11,0.19049583333333334
STER,2018-10-12,6.135366666666667
STER,2018-10-13,8.218709722222222
STER,2018-10-14,-1.8994429577464789
STER,2018-10-15,-3.3563636363636364
STER,2018-10-16,4.355090972222222
STER,2018-10-17,6.3525
STER,2018-10-18,10.121298611111111
STER,2018-10-19,10.252302083333333
STER,2018-10-20,8.421735416666667
STER,2018-10-21,12.584309722222223
STER,2018-10-22,9.353021527777777
STER,2018-10-23,9.581691666666666
STER,2018-10-24,9.466345138888888
STER,2018-10-25,8.722265972222223
STER,2018-10-26,10.841748611111111
STER,2018-10-27,11.942397222222223
STER,2018-10-28,10.498655555555555
STER,2018-10-29,14.498384027777778
STER,2018-10-30,6.100704255319149
STER,2018-10-31,5.404772222222222
STER,2018-11-01,4.470949305555555
STER,2018-11-02,7.64149375
STER,2018-11-03,8.094942424242424
STER,2018-11-04,2.72505
STER,2018-11-05,7.468392361111111
STER,2018-11-06,1.0663389830508474
STER,2018-11-07,-3.74119375
STER,2018-11-08,-2.551725
STER,2018-11-09,-5.05125625
STER,2018-11-10,-0.5692229166666666
STER,2018-11-11,-2.5078583333333335
STER,2018-11-12,-4.13681875
STER,2018-11-13,-2.669672916666667
STER,2018-11-14,3.8596375
STER,2018-11-15,5.88743125
STER,2018-11-16,4.6997375
STER,2018-11-17,-1.6362354166666666
STER,2018-11-18,-4.282912903225807
STER,2018-11-19,2.098631818181818
STER,2018-11-20,0.030320833333333356
STER,2018-11-21,3.3616791666666668
STER,2018-11-22,3.962027083333333
STER,2018-11-23,8.32420625
STER,2018-11-24,3.107409027777778
STER,2018-11-25,-1.965231654676259
STER,2018-11-26,-5.119392361111111
STER,2018-11-27,1.7598277777777778
STER,2018-11-28,7.009870138888889
STER,2018-11-29,4.728697222222222
STER,2018-11-30,1.5584680555555555
STER,2018-12-01,0.7128596774193549
STER,2018-12-02,-1.8382529411764705
STER,2018-12-03,-5.4364560747663555
STER,2018-12-04,-3.6470666666666665
STER,2018-12-05,-5.235190277777778
STER,2018-12-06,-5.056022916666667
STER,2018-12-07,-5.3479375
STER,2018-12-08,-3.3963041666666665
STER,2018-12-09,-1.1699479166666666
STER,2018-12-10,-1.5853916666666668
STER,2018-12-11,2.38816875
STER,2018-12-12,0.00698888888888889
STER,2018-12-13,0.4704846153846154
STER,2018-12-14,-1.6732055555555556
STER,2018-12-15,1.0560368055555556
STER,2018-12-16,1.4331854166666667
STER,2018-12-17,3.400723611111111
STER,2018-12-18,5.007456944444445
STER,2018-12-19,2.740107638888889
STER,2018-12-20,-0.21236458333333336
STER,2018-12-21,0.8967291666666666
STER,2018-12-22,-0.43055069444444444
STER,2018-12-23,-4.056765972222222
STER,2018-12-24,0.26498819444444444
STER,2018-12-25,-1.4991243055555554
STER,2018-12-26,-0.5725465277777778
STER,2018-12-27,-4.943028472222222
STER,2018-12-28,-9.373817361111112
STER,2018-12-29,-10.67594375
STER,2018-12-30,-1.2257409722222221
STER,2018-12-31,-6.322305594405594
STER,2019-01-01,-15.182415
STER,2019-01-02,-10.121140707964601
STER,2019-01-03,-3.42205
STER,2019-01-04,2.0681770833333335
STER,2019-01-05,4.252546527777778
STER,2019-01-06,1.993567361111111
STER,2019-01-07,3.888357638888889
STER,2019-01-08,1.4302430555555556
STER,2019-01-09,-2.911252777777778
STER,2019-01-10,2.5890791666666666
STER,2019-01-11,2.5210833333333333
STER,2019-01-12,1.2887854166666666
STER,2019-01-13,1.3527902777777778
STER,2019-01-14,-1.9044611111111112
STER,2019-01-15,-0.9362354166666667
STER,2019-01-16,-0.8506076388888889
STER,2019-01-17,3.0167404761904764
STER,2019-01-18,-1.07227
STER,2019-01-19,-2.1154654205607475
STER,2019-01-20,2.744692361111111
STER,2019-01-21,-1.3350130434782608
STER,2019-01-22,-5.312651162790698
STER,2019-01-23,-6.518080555555556
STER,2019-01-24,-3.5608173611111114
STER,2019-01-25,-5.551763888888889
STER,2019-01-26,-2.2014354166666665
STER,2019-01-27,2.6614381944444445
STER,2019-01-28,-0.11852535211267606
STER,2019-01-29,-7.686324305555556
STER,2019-01-30,-8.13130633802817
STER,2019-01-31,1.0099643356643357
STER,2019-02-01,2.6494555555555555
STER,2019-02-02,4.203397222222223
STER,2019-02-03,4.807789583333333
STER,2019-02-04,-1.4932936170212767
STER,2019-02-05,-7.479258252427185
STER,2019-02-06,-7.587754545454546
STER,2019-02-07,-15.654589999999999
STER,2019-02-08,-15.167482638888888
STER,2019-02-09,-8.487464583333333
STER,2019-02-10,-9.419263157894736
STER,2019-02-11,-5.8000953125
STER,2019-02-12,-0.8548
STER,2019-02-13,3.772182638888889
STER,2019-02-14,2.73864375
STER,2019-02-15,-4.405154166666667
STER,2019-02-16,-6.046200862068965
STER,2019-02-17,-5.778001388888889
STER,2019-02-18,-14.149476388888889
STER,2019-02-19,-10.66548888888889
STER,2019-02-20,-7.3617276190476195
STER,2019-02-21,-6.0770125
STER,2019-02-22,-6.41245
STER,2019-02-23,-3.5489945454545455
STER,2019-02-24,-7.717170138888889
STER,2019-02-25,-8.71475945945946
STER,2019-02-26,-0.20010624999999996
STER,2019-02-27,-10.530838194444444
STER,2019-02-28,-5.132915277777778
STER,2019-03-01,0.16696944444444445
STER,2019-03-02,-5.852288888888888
STER,2019-03-03,-17.47051875
STER,2019-03-04,-18.512554166666668
STER,2019-03-05,-10.98025625
STER,2019-03-06,-3.068445833333333
STER,2019-03-07,-3.2892897727272725
STER,2019-03-08,1.70545
STER,2019-03-09,1.0464146153846154
STER,2019-03-10,0.03335416666666664
STER,2019-03-11,1.0914375
STER,2019-03-12,5.4405729166666665
STER,2019-03-13,7.609651724137931
STER,2019-03-14,-2.90707
STER,2019-03-15,-3.0891641509433962
STER,2019-03-16,-0.657075
STER,2019-03-17,2.0583506944444445
STER,2019-03-18,0.810783211678832
STER,2019-03-19,3.2071597222222223
STER,2019-03-20,2.1676652777777776
STER,2019-03-21,5.872925
STER,2019-03-22,6.905474305555556
STER,2019-03-23,4.347236111111111
STER,2019-03-24,5.411068055555556
STER,2019-03-25,6.400847222222223
STER,2019-03-26,7.467245138888889
STER,2019-03-27,11.812028472222222
STER,2019-03-28,6.4652416666666666
STER,2019-03-29,1.49431875
STER,2019-03-30,-0.032093750000000004
STER,2019-03-31,1.5551402777777779
STER,2019-04-01,4.893584722222222
STER,2019-04-02,5.376843055555556
STER,2019-04-03,6.78125625
STER,2019-04-04,9.077898611111111
STER,2019-04-05,12.594934722222222
STER,2019-04-06,14.715275
STER,2019-04-07,12.780047916666666
STER,2019-04-08,14.873097916666667
STER,2019-04-09,15.478204861111111
STER,2019-04-10,5.853182978723404
STER,2019-04-11,-5.978894814814815
STER,2019-04-12,-3.1317784722222224
STER,2019-04-13,0.8086840277777778
STER,2019-04-14,6.257859027777778
STER,2019-04-15,11.907500694444444
STER,2019-04-16,9.424781944444444
STER,2019-04-17,11.775938194444445
STER,2019-04-18,7.864544202898551
STER,2019-04-19,9.384077622377623
STER,2019-04-20,17.236438888888888
STER,2019-04-21,16.235914685314686
STER,2019-04-22,7.265146527777778
STER,2019-04-23,8.198352777777778
STER,2019-04-24,13.615417361111112
STER,2019-04-25,12.78569014084507
STER,2019-04-26,13.129775
STER,2019-04-27,11.827765972222222
STER,2019-04-28,11.193609722222222
STER,2019-04-29,3.399842253521127
STER,2019-04-30,0.7930333333333334
STER,2019-05-01,3.0231083333333335
STER,2019-05-02,4.671465277777778
STER,2019-05-03,10.488627083333334
STER,2019-05-04,12.839975
STER,2019-05-05,15.851375
STER,2019-05-06,11.847293055555555
STER,2019-05-07,5.595165277777777
STER,2019-05-08,4.951766197183098
STER,2019-05-09,2.694015972222222
STER,2019-05-10,5.960685416666666
STER,2019-05-11,7.856090277777778
STER,2019-05-12,9.525963194444445
STER,2019-05-13,15.6510625
STER,2019-05-14,18.275088194444443
STER,2019-05-15,20.52845352112676
STER,2019-05-16,20.410311805555555
STER,2019-05-17,16.53677943262411
STER,2019-05-18,9.749471328671328
STER,2019-05-19,5.951703472222222
STER,2019-05-20,3.99305564516129
STER,2019-05-21,1.9736868131868133
STER,2019-05-22,2.0309759036144577
STER,2019-05-23,5.719401851851852
STER,2019-05-24,11.008394791666667
STER,2019-05-25,14.566114583333333
STER,2019-05-26,15.754794791666667
STER,2019-05-27,14.658923958333334
STER,2019-05-28,10.738611458333333
STER,2019-05-29,8.976101041666666
STER,2019-05-30,12.597667708333333
STER,2019-05-31,16.545327083333333
STER,2019-06-01,17.018998958333334
STER,2019-06-02,18.295990625
STER,2019-06-03,18.756455445544553
STER,2019-06-04,18.631879861111113
STER,2019-06-05,18.282690972222223
STER,2019-06-06,19.678000694444446
STER,2019-06-07,21.961847916666667
STER,2019-06-08,20.01783125
STER,2019-06-09,13.097191549295776
STER,2019-06-10,14.748221527777778
STER,2019-06-11,16.695854166666667
STER,2019-06-12,14.193177777777779
STER,2019-06-13,18.343179166666665
STER,2019-06-14,19.054436363636363
STER,2019-06-15,18.78020972222222
STER,2019-06-16,18.67776041666667
STER,2019-06-17,16.600100694444446
STER,2019-06-18,14.910253472222223
STER,2019-06-19,16.162477142857142
STER,2019-06-20,19.26346875
STER,2019-06-21,17.025361805555555
STER,2019-06-22,13.584545833333333
STER,2019-06-23,12.481454166666667
STER,2019-06-24,16.364819444444443
STER,2019-06-25,21.101748611111113
STER,2019-06-26,22.192756944444444
STER,2019-06-27,24.762711111111113
STER,2019-06-28,26.427138888888887
STER,2019-06-29,27.80932152777778
STER,2019-06-30,26.39305486111111
STER,2019-07-01,22.505253472222222
STER,2019-07-02,21.8520125
STER,2019-07-03,23.270622916666667
STER,2019-07-04,21.196336805555557
STER,2019-07-05,20.15051875
STER,2019-07-06,19.809940972222222
STER,2019-07-07,20.81171527777778
STER,2019-07-08,22.009558333333334
STER,2019-07-09,20.508569444444444
STER,2019-07-10,20.41615277777778
STER,2019-07-11,23.512594444444446
STER,2019-07-12,27.057374305555555
STER,2019-07-13,23.64900763888889
STER,2019-07-14,25.383877083333335
STER,2019-07-15,24.2549875
STER,2019-07-16,23.31712361111111
STER,2019-07-17,25.714070833333334
STER,2019-07-18,26.50175486111111
STER,2019-07-19,27.7832375
STER,2019-07-20,23.924096527777778
STER,2019-07-21,20.619963194444445
STER,2019-07-22,19.507145138888887
STER,2019-07-23,20.96088125
STER,2019-07-24,23.477059027777777
STER,2019-07-25,23.684625694444446
STER,2019-07-26,24.951763194444446
STER,2019-07-27,25.352284027777777
STER,2019-07-28,22.48499861111111
STER,2019-07-29,21.801774305555554
STER,2019-07-30,23.202984027777777
STER,2019-07-31,24.894475
STER,2019-08-01,23.393049305555557
STER,2019-08-02,21.64277638888889
STER,2019-08-03,21.895002083333335
STER,2019-08-04,24.508380555555554
STER,2019-08-05,22.3557
STER,2019-08-06,23.216015277777778
STER,2019-08-07,23.58109027777778
STER,2019-08-08,22.242852777777777
STER,2019-08-09,22.42597222222222
STER,2019-08-10,24.201791666666665
STER,2019-08-11,20.933585416666666
STER,2019-08-12,20.386663194444445
STER,2019-08-13,20.896685416666667
STER,2019-08-14,19.653408333333335
STER,2019-08-15,19.944279166666668
STER,2019-08-16,21.302374305555556
STER,2019-08-17,21.412354861111112
STER,2019-08-18,19.40312269503546
STER,2019-08-19,22.977531944444443
STER,2019-08-20,24.605989583333333
STER,2019-08-21,22.202015972222224
STER,2019-08-22,20.469306944444444
STER,2019-08-23,19.949860416666667
STER,2019-08-24,18.919103472222222
STER,2019-08-25,21.499289583333333
STER,2019-08-26,19.947688732394365
STER,2019-08-27,15.155070629370629
STER,2019-08-28,18.224584615384614
STER,2019-08-29,21.347285416666665
STER,2019-08-30,18.240132638888888
STER,2019-08-31,20.352574305555557
STER,2019-09-01,22.904386111111112
STER,2019-09-02,24.740266666666667
STER,2019-09-03,23.464335416666668
STER,2019-09-04,21.434510416666665
STER,2019-09-05,24.86859722222222
STER,2019-09-06,22.57154722222222
STER,2019-09-07,23.189015972222222
STER,2019-09-08,17.255636805555554
STER,2019-09-09,17.182586206896552
STER,2019-09-10,22.983322857142856
STER,2019-09-11,20.292795833333333
STER,2019-09-12,16.441393706293706
STER,2019-09-13,16.520814583333333
STER,2019-09-14,18.616250694444446
STER,2019-09-15,21.360039583333332
STER,2019-09-16,23.024685416666667
STER,2019-09-17,22.410068055555556
STER,2019-09-18,19.712188194444444
STER,2019-09-19,20.12508888888889
STER,2019-09-20,23.236504166666666
STER,2019-09-21,18.397900694444445
STER,2019-09-22,14.469116666666666
STER,2019-09-23,16.33996736111111
STER,2019-09-24,18.791803472222224
STER,2019-09-25,15.45452986111111
STER,2019-09-26,16.354806944444444
STER,2019-09-27,16.972604861111112
STER,2019-09-28,10.37341736111111
STER,2019-09-29,18.511171532846717
STER,2019-09-30,18.10169513888889
STER,2019-10-01,8.857228472222221
STER,2019-10-02,6.924814583333333
STER,2019-10-03,7.389184027777778
STER,2019-10-04,11.198680555555555
STER,2019-10-05,12.676804929577465
STER,2019-10-06,10.437065277777778
STER,2019-10-07,10.945005555555555
STER,2019-10-08,15.584475694444444
STER,2019-10-09,13.916656737588653
STER,2019-10-10,-2.3981105263157896
STER,2019-10-11,-3.806920138888889
STER,2019-10-12,4.067627083333333
STER,2019-10-13,6.967020833333334
STER,2019-10-14,12.344479861111111
STER,2019-10-15,7.353278472222223
STER,2019-10-16,8.20621875
STER,2019-10-17,16.141570138888888
STER,2019-10-18,11.654851408450705
STER,2019-10-19,7.611331944444444
STER,2019-10-20,7.43790294117647
STER,2019-10-21,4.167387804878048
STER,2019-10-22,5.6366451388888885
STER,2019-10-23,8.97500909090909
STER,2019-10-24,0.060778321678321666
STER,2019-10-25,3.290686111111111
STER,2019-10-26,10.204241958041958
STER,2019-10-27,-1.2196797202797203
STER,2019-10-28,-6.830923239436619
STER,2019-10-29,-9.021896527777777
STER,2019-10-30,-11.205793055555556
STER,2019-10-31,-9.44900625
STER,2019-11-01,-0.9555695035460993
STER,2019-11-02,-0.9762173611111111
STER,2019-11-03,3.304491666666667
STER,2019-11-04,3.401295138888889
STER,2019-11-05,5.70103524590164
STER,2019-11-06,0.7049861111111111
STER,2019-11-07,-1.1512090277777778
STER,2019-11-08,3.8703291666666666
STER,2019-11-09,10.193283333333333
STER,2019-11-10,5.861025694444445
STER,2019-11-11,-8.744789928057553
STER,2019-11-12,-5.074018055555555
STER,2019-11-13,5.521434965034965
STER,2019-11-14,3.0485166666666665
STER,2019-11-15,5.338036111111111
STER,2019-11-16,7.056651388888889
STER,2019-11-17,3.0851471830985915
STER,2019-11-18,8.783625694444444
STER,2019-11-19,6.257150354609929
STER,2019-11-20,4.544558394160584
STER,2019-11-21,-1.7107722222222221
STER,2019-11-22,-2.155992361111111
STER,2019-11-23,2.298127083333333
STER,2019-11-24,5.1286402777777775
STER,2019-11-25,3.854184722222222
STER,2019-11-26,-2.779239583333333
STER,2019-11-27,-10.361066326530612
STER,2019-11-28,-4.3366
STER,2019-11-29,-1.4366292307692308
STER,2019-11-30,-1.8411728813559323
STER,2019-12-01,-3.8759965517241377
STER,2019-12-02,-2.7578530973451327
STER,2019-12-03,1.836638888888889
STER,2019-12-04,1.6349034722222222
STER,2019-12-05,1.7897583333333333
STER,2019-12-06,1.019181308411215
STER,2019-12-07,1.3026305555555555
STER,2019-12-08,4.905496527777777
STER,2019-12-09,-1.1371161764705882
STER,2019-12-10,-2.4217784722222224
STER,2019-12-11,0.8525097222222222
STER,2019-12-12,3.31659375
STER,2019-12-13,2.367629496402878
STER,2019-12-14,-2.1976291666666667
STER,2019-12-15,-4.818846527777778
STER,2019-12-16,-8.123621527777777
STER,2019-12-17,-7.821639160839161
STER,2019-12-18,-2.060411111111111
STER,2019-12-19,0.10425625000000001
STER,2019-12-20,0.35511805555555553
STER,2019-12-21,1.8177381944444444
STER,2019-12-22,4.133729861111111
STER,2019-12-23,3.921252083333333
STER,2019-12-24,3.0460736111111113
STER,2019-12-25,1.1088583333333333
STER,2019-12-26,0.12820625
STER,2019-12-27,-2.523701694915254
STER,2019-12-28,-1.9979596638655461
STER,2019-12-29,-5.400646788990826
STER,2019-12-30,-5.3278638888888885
STER,2019-12-31,-6.368077777777778
UKFS,2018-01-01,-19.368494930875578
UKFS,2018-01-02,-13.932848275862069
UKFS,2018-01-03,-6.431243333333334
UKFS,2018-01-04,-10.538316666666667
UKFS,2018-01-05,-6.891900833333334
UKFS,2018-01-06,-7.361115833333334
UKFS,2018-01-07,0.8388004166666666
UKFS,2018-01-08,1.8355983333333332
UKFS,2018-01-09,3.1586925
UKFS,2018-01-10,6.220472105263158
UKFS,2018-01-11,0.8151025
UKFS,2018-01-12,-11.789409166666667
UKFS,2018-01-13,-10.220934583333333
UKFS,2018-01-14,-6.395226666666667
UKFS,2018-01-15,-7.144015
UKFS,2018-01-16,-16.647310416666667
UKFS,2018-01-17,-12.639475416666667
UKFS,2018-01-18,-4.428347083333334
UKFS,2018-01-19,2.651804347826087
UKFS,2018-01-20,7.191036666666666
UKFS,2018-01-21,10.686360416666666
UKFS,2018-01-22,4.917600833333333
UKFS,2018-01-23,-1.5791883333333334
UKFS,2018-01-24,1.1217475
UKFS,2018-01-25,8.084462916666666
UKFS,2018-01-26,11.031664583333333
UKFS,2018-01-27,6.223742083333334
UKFS,2018-01-28,2.8451133333333334
UKFS,2018-01-29,-5.721431666666667
UKFS,2018-01-30,-2.392455
UKFS,2018-01-31,6.7111225
UKFS,2018-02-01,0.37325375
UKFS,2018-02-02,-7.33630375
UKFS,2018-02-03,3.429045416666667
UKFS,2018-02-04,-3.7399025
UKFS,2018-02-05,-12.56093875
UKFS,2018-02-06,-10.122747083333334
UKFS,2018-02-07,-8.39633625
UKFS,2018-02-08,-0.11819791666666665
UKFS,2018-02-09,1.8479129166666666
UKFS,2018-02-10,-8.202571548117154
UKFS,2018-02-11,-7.44436
UKFS,2018-02-12,-4.2035225
UKFS,2018-02-13,1.1050108333333333
UKFS,2018-02-14,6.771257083333333
UKFS,2018-02-15,13.743581666666667
UKFS,2018-02-16,0.27285791666666664
UKFS,2018-02-17,2.9677166666666666
UKFS,2018-02-18,6.816387394957983
UKFS,2018-02-19,8.804695
UKFS,2018-02-20,-2.8736970833333335
UKFS,2018-02-21,-7.2706583333333334
UKFS,2018-02-22,-2.66784875
UKFS,2018-02-23,-0.09010742358078602
UKFS,2018-02-24,0.9974954166666666
UKFS,2018-02-25,1.8066254166666667
UKFS,2018-02-26,7.139896666666667
UKFS,2018-02-27,11.31861375
UKFS,2018-02-28,11.430687083333334
UKFS,2018-03-01,5.744415
UKFS,2018-03-02,6.097172083333334
UKFS,2018-03-03,10.7936375
UKFS,2018-03-04,12.080659166666667
UKFS,2018-03-05,10.264792916666666
UKFS,2018-03-06,3.5112283333333334
UKFS,2018-03-07,-0.20900583333333334
UKFS,2018-03-08,-0.76066875
UKFS,2018-03-09,5.471075833333333
UKFS,2018-03-10,6.291484583333333
UKFS,2018-03-11,5.320139166666666
UKFS,2018-03-12,3.061235
UKFS,2018-03-13,4.107932083333333
UKFS,2018-03-14,6.4247708333333335
UKFS,2018-03-15,14.5414925
UKFS,2018-03-16,12.045326359832636
UKFS,2018-03-17,5.706204166666667
UKFS,2018-03-18,5.351572083333333
UKFS,2018-03-19,5.469740416666666
UKFS,2018-03-20,5.672190416666667
UKFS,2018-03-21,4.716911666666666
UKFS,2018-03-22,10.756066666666667
UKFS,2018-03-23,11.154634166666666
UKFS,2018-03-24,9.18283375
UKFS,2018-03-25,3.7869283333333335
UKFS,2018-03-26,7.36545625
UKFS,2018-03-27,6.410164583333334
UKFS,2018-03-28,6.246674166666667
UKFS,2018-03-29,5.609928333333333
UKFS,2018-03-30,4.762197083333334
UKFS,2018-03-31,10.94801375
UKFS,2018-04-01,-1.0610766666666667
UKFS,2018-04-02,-2.9773283333333334
UKFS,2018-04-03,2.05317
UKFS,2018-04-04,-1.6815075
UKFS,2018-04-05,8.43070625
UKFS,2018-04-06,6.245772083333334
UKFS,2018-04-07,-2.239009623430962
UKFS,2018-04-08,1.0189791666666668
UKFS,2018-04-09,1.313891707317073
UKFS,2018-04-10,5.571897489539749
UKFS,2018-04-11,15.133836666666667
UKFS,2018-04-12,20.18673116883117
UKFS,2018-04-13,22.506685333333333
UKFS,2018-04-14,5.07918511627907
UKFS,2018-04-15,-1.6185129166666667
UKFS,2018-04-16,2.2548458333333334
UKFS,2018-04-17,8.60972125
UKFS,2018-04-18,9.4008125
UKFS,2018-04-19,6.169942083333333
UKFS,2018-04-20,10.283159583333333
UKFS,2018-04-21,11.1299675
UKFS,2018-04-22,12.622665416666667
UKFS,2018-04-23,16.826490638297873
UKFS,2018-04-24,18.30265875
UKFS,2018-04-25,11.050726666666666
UKFS,2018-04-26,10.61408375
UKFS,2018-04-27,15.027564166666666
UKFS,2018-04-28,15.398118333333333
UKFS,2018-04-29,14.49746125
UKFS,2018-04-30,19.464441666666666
UKFS,2018-05-01,21.31843375
UKFS,2018-05-02,22.412655
UKFS,2018-05-03,19.54350375
UKFS,2018-05-04,18.515232916666665
UKFS,2018-05-05,21.174414166666665
UKFS,2018-05-06,22.34646625
UKFS,2018-05-07,22.62773125
UKFS,2018-05-08,23.099279166666665
UKFS,2018-05-09,23.978469583333332
UKFS,2018-05-10,24.202078333333333
UKFS,2018-05-11,23.178940833333332
UKFS,2018-05-12,24.08277
UKFS,2018-05-13,25.033171666666668
UKFS,2018-05-14,24.5273875
UKFS,2018-05-15,21.291861463414634
UKFS,2018-05-16,21.345254583333332
UKFS,2018-05-17,21.19867875
UKFS,2018-05-18,21.252395
UKFS,2018-05-19,21.149480416666666
UKFS,2018-05-20,18.797966666666667
UKFS,2018-05-21,16.78863
UKFS,2018-05-22,21.151545833333333
UKFS,2018-05-23,24.173291666666668
UKFS,2018-05-24,22.1104825
UKFS,2018-05-25,21.347747916666666
UKFS,2018-05-26,25.742452916666668
UKFS,2018-05-27,27.1066
UKFS,2018-05-28,26.799067916666665
UKFS,2018-05-29,26.019625
UKFS,2018-05-30,22.83394625
UKFS,2018-05-31,24.9980025
UKFS,2018-06-01,26.867310416666665
UKFS,2018-06-02,23.731547083333332
UKFS,2018-06-03,21.319095833333332
UKFS,2018-06-04,21.241164166666668
UKFS,2018-06-05,22.2157425
UKFS,2018-06-06,25.516546666666667
UKFS,2018-06-07,24.549438333333335
UKFS,2018-06-08,25.2795475
UKFS,2018-06-09,26.500372083333332
UKFS,2018-06-10,28.391345833333332
UKFS,2018-06-11,28.497420416666667
UKFS,2018-06-12,24.308025106382978
UKFS,2018-06-13,24.415495416666666
UKFS,2018-06-14,26.452807916666668
UKFS,2018-06-15,28.491139166666667
UKFS,2018-06-16,28.188942916666665
UKFS,2018-06-17,28.248545833333335
UKFS,2018-06-18,27.983590833333334
UKFS,2018-06-19,25.0305275
UKFS,2018-06-20,23.992895416666666
UKFS,2018-06-21,19.058914166666668
UKFS,2018-06-22,18.96101
UKFS,2018-06-23,20.952167083333332
UKFS,2018-06-24,23.66624875
UKFS,2018-06-25,22.498409166666665
UKFS,2018-06-26,23.478469166666667
UKFS,2018-06-27,26.169194583333333
UKFS,2018-06-28,29.694185833333332
UKFS,2018-06-29,29.887758333333334
UKFS,2018-06-30,28.821253333333335
UKFS,2018-07-01,23.3096
UKFS,2018-07-02,24.75784875
UKFS,2018-07-03,27.24771028037383
UKFS,2018-07-04,28.383579166666667
UKFS,2018-07-05,28.2075375
UKFS,2018-07-06,27.3720453125
UKFS,2018-07-07,25.7074421875
UKFS,2018-07-08,24.852901041666666
UKFS,2018-07-09,27.509410294117647
UKFS,2018-07-10,28.77324236453202
UKFS,2018-07-11,29.305285308056874
UKFS,2018-07-12,30.729514583333334
UKFS,2018-07-13,29.810215416666665
UKFS,2018-07-14,25.28866375
UKFS,2018-07-15,26.07105333333333
UKFS,2018-07-16,27.807656666666666
UKFS,2018-07-17,25.16793125
UKFS,2018-07-18,23.99629125
UKFS,2018-07-19,27.0420725
UKFS,2018-07-20,25.456218333333332
UKFS,2018-07-21,25.61207458333333
UKFS,2018-07-22,25.257941666666667
UKFS,2018-07-23,24.468420000000002
UKFS,2018-07-24,25.831105833333332
UKFS,2018-07-25,25.354144166666668
UKFS,2018-07-26,22.791895
UKFS,2018-07-27,23.252935833333332
UKFS,2018-07-28,23.0101525
UKFS,2018-07-29,21.849414166666666
UKFS,2018-07-30,20.903594166666668
UKFS,2018-07-31,21.696141666666666
UKFS,2018-08-01,24.283511814345992
UKFS,2018-08-02,26.27315541666667
UKFS,2018-08-03,27.644637916666667
UKFS,2018-08-04,26.63039
UKFS,2018-08-05,28.65728125
UKFS,2018-08-06,29.2188525
UKFS,2018-08-07,25.170480833333333
UKFS,2018-08-08,25.537860416666668
UKFS,2018-08-09,26.032356666666665
UKFS,2018-08-10,24.880471666666665
UKFS,2018-08-11,25.83390875
UKFS,2018-08-12,26.64831125
UKFS,2018-08-13,26.356374166666665
UKFS,2018-08-14,23.357257083333334
UKFS,2018-08-15,23.371284166666666
UKFS,2018-08-16,25.48821171548117
UKFS,2018-08-17,24.361802916666665
UKFS,2018-08-18,25.81638125
UKFS,2018-08-19,23.118300833333333
UKFS,2018-08-20,19.5718525
UKFS,2018-08-21,20.708188038277513
UKFS,2018-08-22,20.102704830917876
UKFS,2018-08-23,18.877961666666668
UKFS,2018-08-24,24.491670833333334
UKFS,2018-08-25,27.8703325
UKFS,2018-08-26,27.310987083333334
UKFS,2018-08-27,28.269241666666666
UKFS,2018-08-28,27.766362083333334
UKFS,2018-08-29,20.167713777777777
UKFS,2018-08-30,21.03914375
UKFS,2018-08-31,23.535309583333333
UKFS,2018-09-01,27.400655648535565
UKFS,2018-09-02,26.29670958333333
UKFS,2018-09-03,25.506899166666667
UKFS,2018-09-04,24.7214975
UKFS,2018-09-05,22.5814125
UKFS,2018-09-06,21.382506722689076
UKFS,2018-09-07,20.013699166666665
UKFS,2018-09-08,17.932558333333333
UKFS,2018-09-09,17.41031125
UKFS,2018-09-10,19.29798125
UKFS,2018-09-11,20.39445625
UKFS,2018-09-12,20.7292775
UKFS,2018-09-13,21.88751583333333
UKFS,2018-09-14,24.3768475
UKFS,2018-09-15,25.942069583333332
UKFS,2018-09-16,25.36873875
UKFS,2018-09-17,25.576661666666666
UKFS,2018-09-18,27.04275625
UKFS,2018-09-19,27.255505416666665
UKFS,2018-09-20,27.68787125
UKFS,2018-09-21,20.542488034188032
UKFS,2018-09-22,15.012985416666666
UKFS,2018-09-23,18.051638333333333
UKFS,2018-09-24,20.441095416666666
UKFS,2018-09-25,19.799154583333333
UKFS,2018-09-26,13.9936975
UKFS,2018-09-27,14.46140625
UKFS,2018-09-28,14.4400575
UKFS,2018-09-29,11.86373625
UKFS,2018-09-30,20.524728333333332
UKFS,2018-10-01,21.1401425
UKFS,2018-10-02,20.04459125
UKFS,2018-10-03,25.733412605042016
UKFS,2018-10-04,16.60131
UKFS,2018-10-05,15.444437083333334
UKFS,2018-10-06,14.921229166666667
UKFS,2018-10-07,12.458425431034483
UKFS,2018-10-08,19.366609583333332
UKFS,2018-10-09,18.60109
UKFS,2018-10-10,11.785394583333334
UKFS,2018-10-11,7.324729583333333
UKFS,2018-10-12,7.8222129166666665
UKFS,2018-10-13,8.60445875
UKFS,2018-10-14,7.1090358333333334
UKFS,2018-10-15,1.9148729166666667
UKFS,2018-10-16,6.428672916666667
UKFS,2018-10-17,12.693124166666667
UKFS,2018-10-18,12.605733193277311
UKFS,2018-10-19,13.340226666666666
UKFS,2018-10-20,13.256540416666667
UKFS,2018-10-21,8.612756666666666
UKFS,2018-10-22,13.517985833333334
UKFS,2018-10-23,14.148935
UKFS,2018-10-24,10.92438375
UKFS,2018-10-25,9.674414166666667
UKFS,2018-10-26,8.631122083333333
UKFS,2018-10-27,13.07707125
UKFS,2018-10-28,15.127999166666667
UKFS,2018-10-29,14.066845416666666
UKFS,2018-10-30,15.720945
UKFS,2018-10-31,10.92949375
UKFS,2018-11-01,10.427295416666666
UKFS,2018-11-02,9.274866666666666
UKFS,2018-11-03,9.8051875
UKFS,2018-11-04,7.951205
UKFS,2018-11-05,6.687241850220264
UKFS,2018-11-06,7.107624479166667
UKFS,2018-11-07,3.9101776041666665
UKFS,2018-11-08,0.05926927083333334
UKFS,2018-11-09,-1.3091098958333334
UKFS,2018-11-10,-5.870657291666666
UKFS,2018-11-11,2.7018697916666667
UKFS,2018-11-12,-1.4992432291666666
UKFS,2018-11-13,-5.989864736842105
UKFS,2018-11-14,-2.0237625
UKFS,2018-11-15,0.6837916666666667
UKFS,2018-11-16,7.297113020833334
UKFS,2018-11-17,5.375701041666667
UKFS,2018-11-18,-2.763934375
UKFS,2018-11-19,-0.07217239583333335
UKFS,2018-11-20,0.09249947643979056
UKFS,2018-11-21,7.562390625
UKFS,2018-11-22,9.066793229166667
UKFS,2018-11-23,10.243233333333333
UKFS,2018-11-24,8.974416666666666
UKFS,2018-11-25,5.340428651685393
UKFS,2018-11-26,-5.05058875739645
UKFS,2018-11-27,-4.914291666666666
UKFS,2018-11-28,-3.4798796875
UKFS,2018-11-29,3.3558989583333334
UKFS,2018-11-30,1.4304552083333333
UKFS,2018-12-01,6.536080927835052
UKFS,2018-12-02,1.4843041666666668
UKFS,2018-12-03,-1.9712411458333334
UKFS,2018-12-04,-3.3743848958333333
UKFS,2018-12-05,-0.10707552083333335
UKFS,2018-12-06,1.3233505208333334
UKFS,2018-12-07,-4.543231578947369
UKFS,2018-12-08,-3.6485838541666666
UKFS,2018-12-09,-3.660653125
UKFS,2018-12-10,-0.5500119791666667
UKFS,2018-12-11,3.516302083333333
UKFS,2018-12-12,3.7506232804232806
UKFS,2018-12-13,5.686845833333333
UKFS,2018-12-14,2.6443869791666668
UKFS,2018-12-15,3.9022901041666667
UKFS,2018-12-16,7.0105078125
UKFS,2018-12-17,5.994366666666667
UKFS,2018-12-18,6.5719359375
UKFS,2018-12-19,7.321797883597884
UKFS,2018-12-20,5.143183333333333
UKFS,2018-12-21,1.858840625
UKFS,2018-12-22,4.385806770833334
UKFS,2018-12-23,3.501239583333333
UKFS,2018-12-24,3.4662739583333333
UKFS,2018-12-25,5.0397859375
UKFS,2018-12-26,5.967265384615384
UKFS,2018-12-27,9.555429464285714
UKFS,2018-12-28,-4.26131875
UKFS,2018-12-29,-6.259545833333333
UKFS,2018-12-30,-3.10871
UKFS,2018-12-31,2.065990833333333
UKFS,2019-01-01,-7.741465
UKFS,2019-01-02,-5.46211625
UKFS,2019-01-03,-0.9272683333333334
UKFS,2019-01-04,3.1929866666666666
UKFS,2019-01-05,6.643657916666666
UKFS,2019-01-06,9.29854375
UKFS,2019-01-07,13.500951666666667
UKFS,2019-01-08,7.830806666666667
UKFS,2019-01-09,1.24852875
UKFS,2019-01-10,-1.4528
UKFS,2019-01-11,2.7552345833333334
UKFS,2019-01-12,-0.6272942528735632
UKFS,2019-01-13,-1.5622433333333334
UKFS,2019-01-14,-2.690560964912281
UKFS,2019-01-15,-0.5320223404255319
UKFS,2019-01-16,-0.3577958333333333
UKFS,2019-01-17,-0.20784166666666667
UKFS,2019-01-18,0.697455
UKFS,2019-01-19,-7.048052083333333
UKFS,2019-01-20,-10.098750833333334
UKFS,2019-01-21,-5.953690833333333
UKFS,2019-01-22,1.5484594142259414
UKFS,2019-01-23,-6.66710625
UKFS,2019-01-24,-4.971514166666666
UKFS,2019-01-25,-8.4903725
UKFS,2019-01-26,-1.0974866666666667
UKFS,2019-01-27,0.98843375
UKFS,2019-01-28,1.3103432773109243
UKFS,2019-01-29,-7.060200833333333
UKFS,2019-01-30,-16.225905
UKFS,2019-01-31,-10.3930625
UKFS,2019-02-01,1.0115340909090909
UKFS,2019-02-02,7.943506666666667
UKFS,2019-02-03,13.269954583333334
UKFS,2019-02-04,5.5046704166666665
UKFS,2019-02-05,-6.1747725
UKFS,2019-02-06,-5.852869444444444
UKFS,2019-02-07,-8.919484304932736
UKFS,2019-02-08,-11.35155
UKFS,2019-02-09,-8.124932916666667
UKFS,2019-02-10,-0.79149375
UKFS,2019-02-11,0.32781916666666666
UKFS,2019-02-12,-0.21148083333333334
UKFS,2019-02-13,1.9225270833333334
UKFS,2019-02-14,5.9193075
UKFS,2019-02-15,-8.97904125
UKFS,2019-02-16,-8.481251666666667
UKFS,2019-02-17,-4.929714166666667
UKFS,2019-02-18,-7.796900833333333
UKFS,2019-02-19,-5.517948333333333
UKFS,2019-02-20,-1.3567954166666667
UKFS,2019-02-21,-0.41005874999999997
UKFS,2019-02-22,0.26080333333333333
UKFS,2019-02-23,2.2105670833333333
UKFS,2019-02-24,-2.2199287500000002
UKFS,2019-02-25,-5.03918375
UKFS,2019-02-26,-3.4323
UKFS,2019-02-27,-6.4222600840336135
UKFS,2019-02-28,-8.1833325
UKFS,2019-03-01,-4.62902625
UKFS,2019-03-02,-3.1324745833333334
UKFS,2019-03-03,-10.113889915966386
UKFS,2019-03-04,-15.043874583333332
UKFS,2019-03-05,-9.766434583333334
UKFS,2019-03-06,-6.4449129166666665
UKFS,2019-03-07,0.54549625
UKFS,2019-03-08,2.28419375
UKFS,2019-03-09,6.52514375
UKFS,2019-03-10,1.64101625
UKFS,2019-03-11,3.473110833333333
UKFS,2019-03-12,7.6058875
UKFS,2019-03-13,12.476885
UKFS,2019-03-14,7.294549583333334
UKFS,2019-03-15,3.6756579166666667
UKFS,2019-03-16,6.235579583333333
UKFS,2019-03-17,5.488720416666666
UKFS,2019-03-18,6.87363
UKFS,2019-03-19,8.655341666666667
UKFS,2019-03-20,8.161207725321889
UKFS,2019-03-21,7.866619166666666
UKFS,2019-03-22,10.955945833333333
UKFS,2019-03-23,11.536799166666666
UKFS,2019-03-24,10.603920833333333
UKFS,2019-03-25,9.414832083333334
UKFS,2019-03-26,9.402305462184874
UKFS,2019-03-27,13.088942727272727
UKFS,2019-03-28,14.037124210526315
UKFS,2019-03-29,8.328301363636363
UKFS,2019-03-30,3.2726083333333333
UKFS,2019-03-31,1.4857866666666666
UKFS,2019-04-01,5.6175404166666665
UKFS,2019-04-02,7.688383333333333
UKFS,2019-04-03,12.265920833333332
UKFS,2019-04-04,12.885337916666666
UKFS,2019-04-05,11.268605416666666
UKFS,2019-04-06,15.260344545454545
UKFS,2019-04-07,16.479016666666666
UKFS,2019-04-08,17.176299523809522
UKFS,2019-04-09,19.888328870292888
UKFS,2019-04-10,20.659723305084746
UKFS,2019-04-11,14.971538333333333
UKFS,2019-04-12,4.814205
UKFS,2019-04-13,7.1644370833333335
UKFS,2019-04-14,8.513659414225941
UKFS,2019-04-15,14.231196666666667
UKFS,2019-04-16,20.427302564102565
UKFS,2019-04-17,20.778825431034484
UKFS,2019-04-18,13.221882916666667
UKFS,2019-04-19,11.654619900497513
UKFS,2019-04-20,14.953523958333333
UKFS,2019-04-21,20.619824479166667
UKFS,2019-04-22,21.289242408376964
UKFS,2019-04-23,12.155710674157303
UKFS,2019-04-24,13.322203125
UKFS,2019-04-25,15.101678645833333
UKFS,2019-04-26,15.128916666666667
UKFS,2019-04-27,17.003871875
UKFS,2019-04-28,7.382176041666667
UKFS,2019-04-29,13.417074869109948
UKFS,2019-04-30,12.4875797752809
UKFS,2019-05-01,13.438061979166667
UKFS,2019-05-02,12.261802083333333
UKFS,2019-05-03,12.500508854166666
UKFS,2019-05-04,13.545026041666667
UKFS,2019-05-05,17.328866666666666
UKFS,2019-05-06,17.9109375
UKFS,2019-05-07,16.027323958333334
UKFS,2019-05-08,17.4368578125
UKFS,2019-05-09,9.154043229166666
UKFS,2019-05-10,9.584329166666667
UKFS,2019-05-11,10.8990125
UKFS,2019-05-12,11.4074359375
UKFS,2019-05-13,12.687923958333334
UKFS,2019-05-14,18.440229166666665
UKFS,2019-05-15,22.088876190476192
UKFS,2019-05-16,24.5394390625
UKFS,2019-05-17,24.455459375
UKFS,2019-05-18,19.541671875
UKFS,2019-05-19,15.696807291666667
UKFS,2019-05-20,11.156288541666667
UKFS,2019-05-21,10.702303645833334
UKFS,2019-05-22,16.583932291666667
UKFS,2019-05-23,17.437836458333333
UKFS,2019-05-24,21.9919921875
UKFS,2019-05-25,20.5185359375
UKFS,2019-05-26,20.581605208333333
UKFS,2019-05-27,21.506556315789474
UKFS,2019-05-28,22.718829370629372
UKFS,2019-05-29,19.03245902777778
UKFS,2019-05-30,17.444066891891893
UKFS,2019-05-31,19.86991875
UKFS,2019-06-01,22.865825
UKFS,2019-06-02,21.124243055555556
UKFS,2019-06-03,20.75744513888889
UKFS,2019-06-04,22.17575972222222
UKFS,2019-06-05,25.494972789115646
UKFS,2019-06-06,22.8647734375
UKFS,2019-06-07,23.948216666666667
UKFS,2019-06-08,24.079551041666665
UKFS,2019-06-09,21.737246875
UKFS,2019-06-10,18.598474074074073
UKFS,2019-06-11,19.960392708333334
UKFS,2019-06-12,17.928366145833333
UKFS,2019-06-13,17.8848984375
UKFS,2019-06-14,19.962546354166665
UKFS,2019-06-15,23.639081770833332
UKFS,2019-06-16,23.309682291666668
UKFS,2019-06-17,22.745333854166667
UKFS,2019-06-18,21.63673072916667
UKFS,2019-06-19,19.9243859375
UKFS,2019-06-20,22.0211625
UKFS,2019-06-21,22.709361458333333
UKFS,2019-06-22,24.69369375
UKFS,2019-06-23,19.164185416666665
UKFS,2019-06-24,20.206407978723405
UKFS,2019-06-25,23.212438541666668
UKFS,2019-06-26,24.358058854166668
UKFS,2019-06-27,26.009221354166666
UKFS,2019-06-28,27.567571875
UKFS,2019-06-29,28.3576625
UKFS,2019-06-30,27.267736979166667
UKFS,2019-07-01,26.44168125
UKFS,2019-07-02,26.619268229166668
UKFS,2019-07-03,25.260057291666666
UKFS,2019-07-04,22.76800104166667
UKFS,2019-07-05,24.205796875
UKFS,2019-07-06,24.491548958333333
UKFS,2019-07-07,25.6653734375
UKFS,2019-07-08,25.794916666666666
UKFS,2019-07-09,26.512491145833334
UKFS,2019-07-10,26.271396808510637
UKFS,2019-07-11,23.587210497237567
UKFS,2019-07-12,24.673949479166666
UKFS,2019-07-13,25.597315625
UKFS,2019-07-14,26.489014583333333
UKFS,2019-07-15,24.466106770833335
UKFS,2019-07-16,24.608628125
UKFS,2019-07-17,28.090901041666665
UKFS,2019-07-18,29.55328385416667
UKFS,2019-07-19,29.834298958333335
UKFS,2019-07-20,29.675130729166668
UKFS,2019-07-21,25.52735287958115
UKFS,2019-07-22,22.42904105263158
UKFS,2019-07-23,20.63880104712042
UKFS,2019-07-24,21.329144785276075
UKFS,2019-07-25,22.17795989010989
UKFS,2019-07-26,23.802286458333334
UKFS,2019-07-27,24.841683333333332
UKFS,2019-07-28,25.565971875
UKFS,2019-07-29,26.162278125
UKFS,2019-07-30,24.5847875
UKFS,2019-07-31,23.477230729166667
UKFS,2019-08-01,22.27000162162162
UKFS,2019-08-02,22.678614583333335
UKFS,2019-08-03,23.506997083333335
UKFS,2019-08-04,24.122663333333332
UKFS,2019-08-05,25.071175
UKFS,2019-08-06,26.525019665271966
UKFS,2019-08-07,23.28206822033898
UKFS,2019-08-08,23.143001255230125
UKFS,2019-08-09,24.344848333333335
UKFS,2019-08-10,25.37509625
UKFS,2019-08-11,25.65401129707113
UKFS,2019-08-12,26.747217916666667
UKFS,2019-08-13,26.912417083333334
UKFS,2019-08-14,24.10303875
UKFS,2019-08-15,22.132077916666667
UKFS,2019-08-16,22.508307916666666
UKFS,2019-08-17,23.018457083333335
UKFS,2019-08-18,24.81587
UKFS,2019-08-19,26.01820391304348
UKFS,2019-08-20,28.105672083333335
UKFS,2019-08-21,24.925261666666668
UKFS,2019-08-22,23.071558333333332
UKFS,2019-08-23,23.429515416666668
UKFS,2019-08-24,20.769871129707113
UKFS,2019-08-25,19.935943103448277
UKFS,2019-08-26,19.754977682403432
UKFS,2019-08-27,21.016264583333335
UKFS,2019-08-28,20.846633333333333
UKFS,2019-08-29,23.826286666666668
UKFS,2019-08-30,21.718399512195123
UKFS,2019-08-31,19.226326666666665
UKFS,2019-09-01,20.994014166666666
UKFS,2019-09-02,22.60369
UKFS,2019-09-03,26.207395000000002
UKFS,2019-09-04,23.60733958333333
UKFS,2019-09-05,23.54953125
UKFS,2019-09-06,25.26767125
UKFS,2019-09-07,22.14635125
UKFS,2019-09-08,23.101637333333333
UKFS,2019-09-09,25.672427083333332
UKFS,2019-09-10,25.513778661087866
UKFS,2019-09-11,25.863369327731093
UKFS,2019-09-12,23.86272911392405
UKFS,2019-09-13,19.815185836909873
UKFS,2019-09-14,21.495964166666667
UKFS,2019-09-15,26.411112083333332
UKFS,2019-09-16,26.2595425
UKFS,2019-09-17,25.90232333333333
UKFS,2019-09-18,25.92406375
UKFS,2019-09-19,25.816912916666666
UKFS,2019-09-20,23.814495
UKFS,2019-09-21,22.4669625
UKFS,2019-09-22,22.230511180124225
UKFS,2019-09-23,18.79072818181818
UKFS,2019-09-24,20.05377625
UKFS,2019-09-25,23.014542916666667
UKFS,2019-09-26,18.909991810344827
UKFS,2019-09-27,24.388004583333334
UKFS,2019-09-28,18.255397379912665
UKFS,2019-09-29,22.255516666666665
UKFS,2019-09-30,25.525938333333333
UKFS,2019-10-01,25.663803347280336
UKFS,2019-10-02,23.148573333333335
UKFS,2019-10-03,12.593675833333334
UKFS,2019-10-04,11.040545378151261
UKFS,2019-10-05,15.77795756302521
UKFS,2019-10-06,13.5757625
UKFS,2019-10-07,13.951748333333333
UKFS,2019-10-08,14.614319166666666
UKFS,2019-10-09,13.2395575
UKFS,2019-10-10,16.774993333333335
UKFS,2019-10-11,5.1002975
UKFS,2019-10-12,7.532169230769231
UKFS,2019-10-13,11.45589625
UKFS,2019-10-14,13.701746666666667
UKFS,2019-10-15,15.920715416666667
UKFS,2019-10-16,8.45924369747899
UKFS,2019-10-17,11.164526666666667
UKFS,2019-10-18,15.264041101694914
UKFS,2019-10-19,14.498157916666667
UKFS,2019-10-20,13.24284125
UKFS,2019-10-21,11.189023849372385
UKFS,2019-10-22,9.694090212765957
UKFS,2019-10-23,12.44442264957265
UKFS,2019-10-24,7.697327916666667
UKFS,2019-10-25,6.1608375
UKFS,2019-10-26,7.7784175
UKFS,2019-10-27,9.46590625
UKFS,2019-10-28,3.701720416666667
UKFS,2019-10-29,-0.03163291666666667
UKFS,2019-10-30,0.29256916666666666
UKFS,2019-10-31,-1.21575375
UKFS,2019-11-01,4.025031355932203
UKFS,2019-11-02,4.510777777777778
UKFS,2019-11-03,8.944469756097561
UKFS,2019-11-04,9.220480603448276
UKFS,2019-11-05,7.755016317991632
UKFS,2019-11-06,9.665451694915253
UKFS,2019-11-07,0.3548350961538462
UKFS,2019-11-08,-1.0089395454545453
UKFS,2019-11-09,7.463064285714286
UKFS,2019-11-10,11.566284037558685
UKFS,2019-11-11,-1.3453892307692308
UKFS,2019-11-12,-9.866234977578475
UKFS,2019-11-13,-2.4724698979591837
UKFS,2019-11-14,3.0944838383838382
UKFS,2019-11-15,3.994969090909091
UKFS,2019-11-16,7.018299484536082
UKFS,2019-11-17,8.866263184079601
UKFS,2019-11-18,7.384329951690821
UKFS,2019-11-19,11.189527461139896
UKFS,2019-11-20,12.817210416666667
UKFS,2019-11-21,9.469617708333333
UKFS,2019-11-22,0.6321471502590673
UKFS,2019-11-23,1.427416894977169
UKFS,2019-11-24,5.7822990291262135
UKFS,2019-11-25,9.923593969849247
UKFS,2019-11-26,5.266094444444445
UKFS,2019-11-27,2.569930808080808
UKFS,2019-11-28,-0.5712628959276018
UKFS,2019-11-29,2.0686677083333334
UKFS,2019-11-30,7.678311979166667
UKFS,2019-12-01,1.9320442708333334
UKFS,2019-12-02,-0.5448146919431279
UKFS,2019-12-03,4.382200938967136
UKFS,2019-12-04,7.153772857142857
UKFS,2019-12-05,8.837880269058296
UKFS,2019-12-06,4.678488177339902
UKFS,2019-12-07,1.6767419047619048
UKFS,2019-12-08,6.570577157360406
UKFS,2019-12-09,4.5355428571428575
UKFS,2019-12-10,-4.531959375
UKFS,2019-12-11,0.22952685185185184
UKFS,2019-12-12,6.371805154639175
UKFS,2019-12-13,6.1008260089686095
UKFS,2019-12-14,0.5687969696969697
UKFS,2019-12-15,-4.798162272727272
UKFS,2019-12-16,-5.5884679425837325
UKFS,2019-12-17,-4.609882835820896
UKFS,2019-12-18,-3.540120091324201
UKFS,2019-12-19,2.6157171875
UKFS,2019-12-20,4.441143005181347
UKFS,2019-12-21,3.500782901554404
UKFS,2019-12-22,3.1467114583333333
UKFS,2019-12-23,5.316135922330097
UKFS,2019-12-24,9.385322395833333
UKFS,2019-12-25,12.665113541666667
UKFS,2019-12-26,5.983883248730964
UKFS,2019-12-27,0.43423727272727275
UKFS,2019-12-28,8.698149479166666
UKFS,2019-12-29,5.627530729166667
UKFS,2019-12-30,-0.026365625
UKFS,2019-12-31,0.6595789743589744
